User,Accuracy,Algorithm,Granular_Predictions,Predictions,Ground_Truth
stu9_bcf_p3_logs.csv,0.1864406779661017,OfflineSVM,,"['modify-2' 'modify-2' 'modify-2' 'modify-2' 'modify-2' 'modify-2'
 'modify-2' 'modify-2' 'modify-2' 'modify-2' 'modify-2' 'modify-2'
 'modify-2' 'modify-2' 'modify-2' 'modify-2' 'modify-2' 'modify-2'
 'modify-2' 'modify-2' 'modify-2' 'modify-2' 'modify-2' 'modify-2'
 'modify-2' 'modify-2' 'modify-2' 'modify-2' 'modify-2' 'modify-2'
 'modify-2' 'modify-2' 'modify-2' 'same' 'modify-2' 'modify-2' 'modify-2'
 'modify-2' 'modify-2' 'modify-2' 'modify-2' 'modify-2' 'modify-2'
 'modify-2' 'modify-2' 'modify-2' 'modify-2' 'modify-2' 'modify-2'
 'modify-2' 'modify-2' 'modify-2' 'modify-2' 'modify-2' 'modify-2'
 'modify-2' 'modify-2' 'modify-2' 'modify-2' 'modify-2' 'modify-2'
 'modify-2' 'modify-2' 'modify-2' 'modify-2' 'modify-2' 'modify-2'
 'modify-2' 'modify-2' 'modify-2' 'same' 'modify-2' 'modify-2' 'modify-2'
 'modify-2' 'modify-2' 'modify-2' 'modify-2' 'modify-2' 'modify-2'
 'modify-2' 'modify-2' 'modify-2' 'modify-2' 'modify-2' 'modify-2'
 'modify-2' 'modify-2' 'modify-2' 'modify-2' 'modify-2' 'modify-2'
 'modify-2' 'modify-2' 'modify-2' 'modify-2' 'modify-2' 'modify-2'
 'modify-2' 'modify-2' 'modify-2' 'modify-2' 'modify-2' 'modify-2'
 'modify-2' 'modify-2' 'modify-2' 'modify-2' 'modify-2' 'modify-2'
 'modify-2' 'modify-2' 'same' 'modify-2' 'modify-2' 'modify-2' 'modify-2'
 'modify-2' 'modify-2' 'modify-2' 'modify-2' 'modify-2' 'modify-2'
 'modify-2' 'modify-2' 'modify-2' 'modify-2' 'same' 'modify-2' 'modify-2'
 'modify-2' 'modify-2' 'modify-2' 'modify-2' 'modify-2' 'modify-2'
 'modify-2' 'modify-2' 'modify-2' 'modify-2' 'modify-2' 'modify-2'
 'modify-2' 'modify-2' 'modify-2' 'modify-2' 'modify-2' 'modify-2'
 'modify-2' 'modify-2' 'modify-2' 'same' 'same' 'same' 'same' 'same'
 'same' 'same' 'same' 'same' 'same' 'same' 'same' 'same' 'same' 'same'
 'same' 'same' 'same' 'same' 'same' 'same' 'same' 'same' 'same' 'same'
 'same']","['same' 'modify-1' 'modify-1' 'same' 'same' 'same' 'same' 'same' 'same'
 'same' 'same' 'same' 'same' 'same' 'same' 'same' 'same' 'same' 'same'
 'same' 'same' 'modify-2' 'modify-2' 'same' 'same' 'same' 'same' 'same'
 'modify-2' 'modify-2' 'same' 'same' 'modify-2' 'modify-2' 'same' 'same'
 'modify-2' 'same' 'same' 'modify-1' 'modify-1' 'modify-1' 'modify-1'
 'same' 'same' 'same' 'same' 'same' 'same' 'same' 'same' 'same' 'same'
 'modify-1' 'modify-1' 'modify-1' 'modify-1' 'same' 'same' 'same'
 'modify-1' 'modify-1' 'modify-1' 'modify-1' 'same' 'same' 'same' 'same'
 'same' 'modify-2' 'modify-2' 'modify-1' 'modify-1' 'modify-1' 'same'
 'same' 'same' 'same' 'same' 'same' 'same' 'same' 'same' 'same' 'same'
 'same' 'same' 'same' 'same' 'same' 'same' 'same' 'same' 'same' 'same'
 'same' 'same' 'modify-1' 'modify-1' 'modify-1' 'modify-1' 'modify-2'
 'modify-2' 'same' 'same' 'same' 'same' 'same' 'same' 'same' 'same'
 'modify-2' 'modify-3' 'modify-2' 'modify-1' 'modify-1' 'modify-1'
 'modify-1' 'same' 'same' 'same' 'same' 'same' 'same' 'same' 'modify-2'
 'modify-2' 'modify-2' 'modify-2' 'same' 'same' 'same' 'same' 'same'
 'same' 'same' 'same' 'same' 'same' 'same' 'same' 'same' 'same' 'same'
 'same' 'same' 'same' 'same' 'same' 'same' 'modify-2' 'same' 'same'
 'modify-2' 'modify-2' 'modify-1' 'same' 'same' 'modify-1' 'same'
 'modify-1' 'modify-2' 'same' 'same' 'same' 'same' 'same' 'same' 'same'
 'same' 'same' 'same' 'modify-2' 'modify-1' 'same' 'same' 'same']"
pro4_bce_p3_logs.csv,0.6477272727272727,OfflineSVM,,"['same' 'same' 'same' 'same' 'same' 'same' 'same' 'same' 'same' 'same'
 'same' 'same' 'same' 'same' 'same' 'same' 'same' 'same' 'same' 'same'
 'same' 'same' 'same' 'same' 'same' 'same' 'same' 'same' 'same' 'same'
 'same' 'same' 'same' 'same' 'same' 'same' 'same' 'same' 'same' 'same'
 'same' 'same' 'same' 'same' 'same' 'same' 'same' 'same' 'same' 'same'
 'same' 'same' 'same' 'same' 'same' 'same' 'same' 'same' 'same' 'same'
 'same' 'same' 'same' 'same' 'same' 'same' 'same' 'same' 'same' 'same'
 'same' 'same' 'same' 'same' 'same' 'same' 'same' 'same' 'same' 'same'
 'same' 'same' 'same' 'same' 'same' 'same' 'same' 'same' 'same' 'same'
 'same' 'same' 'same' 'same' 'same' 'same' 'same' 'same' 'same' 'same'
 'same' 'same' 'same' 'same' 'same' 'same' 'same' 'same' 'same' 'same'
 'same' 'same' 'same' 'same' 'same' 'same' 'same' 'same' 'same' 'same'
 'same' 'same' 'same' 'same' 'same' 'same' 'same' 'same' 'same' 'same'
 'same' 'same' 'same' 'same' 'same' 'same' 'same' 'same' 'same' 'same'
 'same' 'same' 'same' 'same' 'same' 'same' 'same' 'same' 'same' 'same'
 'same' 'same' 'same' 'same' 'same' 'same' 'same' 'same' 'same' 'same'
 'same' 'same' 'same' 'same' 'same' 'same' 'same' 'same' 'same' 'same'
 'same' 'same' 'same' 'same' 'same' 'same' 'same' 'same' 'same' 'same'
 'same' 'same' 'same' 'same' 'same' 'same' 'same' 'same' 'same' 'same'
 'same' 'same' 'same' 'same' 'same' 'same' 'same' 'same' 'same' 'same'
 'same' 'same' 'same' 'same' 'same' 'same' 'same' 'same' 'same' 'same'
 'same' 'same' 'same' 'same' 'same' 'same' 'same' 'same' 'same' 'same'
 'same' 'same' 'same' 'same' 'same' 'same' 'same' 'same' 'same' 'same'
 'same' 'same' 'same' 'same' 'same' 'same' 'same' 'same' 'same' 'same'
 'same' 'same' 'same' 'same' 'same' 'same' 'same' 'same' 'same' 'same'
 'same' 'same' 'same' 'same' 'same' 'same' 'same' 'same' 'same' 'same'
 'same' 'same' 'same' 'same']","['same' 'modify-1' 'same' 'same' 'same' 'same' 'modify-1' 'same' 'same'
 'same' 'same' 'same' 'same' 'modify-1' 'modify-1' 'same' 'modify-2'
 'modify-1' 'same' 'same' 'same' 'same' 'same' 'same' 'same' 'same'
 'modify-2' 'modify-2' 'same' 'same' 'same' 'modify-2' 'modify-2'
 'modify-1' 'modify-1' 'modify-1' 'modify-1' 'same' 'same' 'same' 'same'
 'same' 'same' 'modify-1' 'same' 'same' 'same' 'modify-1' 'same' 'same'
 'same' 'same' 'modify-1' 'same' 'same' 'same' 'same' 'same' 'same'
 'modify-1' 'same' 'modify-1' 'same' 'same' 'same' 'same' 'same' 'same'
 'same' 'modify-2' 'modify-2' 'same' 'same' 'same' 'same' 'same' 'same'
 'same' 'same' 'same' 'same' 'same' 'same' 'modify-1' 'modify-1'
 'modify-1' 'modify-1' 'same' 'same' 'modify-1' 'same' 'same' 'same'
 'same' 'same' 'same' 'same' 'same' 'same' 'same' 'modify-1' 'same' 'same'
 'same' 'same' 'same' 'same' 'same' 'same' 'same' 'same' 'same' 'modify-1'
 'same' 'same' 'modify-1' 'same' 'same' 'same' 'same' 'same' 'same' 'same'
 'modify-1' 'same' 'same' 'same' 'same' 'modify-1' 'same' 'same' 'same'
 'same' 'modify-1' 'same' 'same' 'same' 'same' 'same' 'same' 'modify-1'
 'same' 'same' 'same' 'same' 'modify-2' 'modify-1' 'modify-1' 'modify-1'
 'modify-1' 'modify-1' 'modify-1' 'modify-1' 'same' 'same' 'same' 'same'
 'same' 'same' 'same' 'same' 'modify-1' 'modify-1' 'same' 'modify-2'
 'modify-1' 'modify-1' 'modify-1' 'modify-1' 'same' 'modify-1' 'same'
 'same' 'same' 'same' 'same' 'same' 'same' 'same' 'same' 'same' 'same'
 'modify-1' 'same' 'same' 'same' 'same' 'same' 'same' 'same' 'same' 'same'
 'same' 'modify-1' 'same' 'modify-1' 'same' 'same' 'same' 'same' 'same'
 'modify-1' 'modify-1' 'modify-1' 'modify-1' 'modify-1' 'modify-1' 'same'
 'same' 'same' 'modify-2' 'modify-1' 'modify-1' 'modify-1' 'modify-1'
 'same' 'modify-1' 'modify-1' 'modify-1' 'modify-1' 'modify-1' 'modify-1'
 'modify-1' 'same' 'modify-1' 'same' 'same' 'modify-1' 'same' 'modify-1'
 'modify-1' 'modify-1' 'same' 'modify-2' 'modify-1' 'modify-1' 'modify-1'
 'modify-2' 'modify-2' 'modify-2' 'modify-2' 'modify-1' 'same' 'modify-1'
 'same' 'same' 'same' 'modify-1' 'same' 'same' 'modify-1' 'modify-1'
 'modify-1' 'same' 'modify-1' 'same' 'modify-1' 'modify-1' 'same' 'same'
 'modify-1' 'same' 'same' 'same']"
stu28_bde_p3_logs.csv,0.3227848101265823,OfflineSVM,,"['modify-1' 'modify-1' 'modify-2' 'modify-2' 'modify-2' 'modify-2'
 'modify-2' 'modify-2' 'modify-2' 'modify-1' 'modify-1' 'modify-1'
 'modify-1' 'modify-1' 'modify-1' 'modify-1' 'modify-1' 'modify-1'
 'modify-1' 'modify-1' 'modify-1' 'modify-1' 'modify-2' 'modify-2'
 'modify-2' 'modify-2' 'modify-1' 'modify-1' 'modify-1' 'modify-1'
 'modify-1' 'modify-1' 'modify-1' 'modify-1' 'modify-1' 'modify-1'
 'modify-2' 'modify-1' 'modify-1' 'modify-1' 'modify-1' 'modify-1'
 'modify-1' 'modify-1' 'modify-2' 'modify-1' 'modify-1' 'modify-2'
 'modify-2' 'modify-2' 'modify-2' 'modify-2' 'modify-2' 'modify-2'
 'modify-2' 'modify-2' 'modify-2' 'modify-2' 'modify-1' 'same' 'same'
 'same' 'same' 'same' 'modify-1' 'modify-2' 'modify-2' 'modify-2'
 'modify-2' 'modify-2' 'modify-2' 'modify-2' 'modify-2' 'modify-2'
 'modify-2' 'modify-2' 'modify-2' 'modify-2' 'modify-2' 'modify-2'
 'modify-2' 'modify-2' 'modify-2' 'modify-2' 'modify-1' 'modify-2'
 'modify-2' 'same' 'modify-2' 'modify-1' 'modify-2' 'modify-2' 'modify-2'
 'modify-2' 'modify-2' 'modify-2' 'modify-1' 'modify-1' 'modify-2'
 'modify-2' 'modify-2' 'modify-1' 'modify-1' 'modify-2' 'modify-2'
 'modify-2' 'modify-2' 'modify-2' 'modify-2' 'modify-2' 'modify-1'
 'modify-2' 'modify-2' 'modify-2' 'modify-1' 'modify-2' 'modify-2'
 'modify-2' 'modify-1' 'modify-1' 'modify-1' 'modify-1' 'same' 'modify-1'
 'modify-1' 'modify-1' 'modify-1' 'modify-1' 'modify-1' 'modify-1'
 'modify-1' 'modify-1' 'modify-1' 'modify-1' 'modify-1' 'modify-1'
 'modify-1' 'modify-1' 'modify-1' 'modify-1' 'modify-1' 'modify-1'
 'modify-1' 'modify-1' 'modify-1' 'modify-1' 'modify-1' 'modify-1'
 'modify-1' 'modify-1' 'modify-1' 'modify-1' 'modify-1' 'same' 'same'
 'same' 'same' 'same']","['modify-1' 'modify-1' 'same' 'same' 'same' 'modify-1' 'same' 'modify-1'
 'modify-1' 'same' 'same' 'modify-1' 'same' 'same' 'modify-1' 'same'
 'modify-1' 'modify-1' 'same' 'same' 'same' 'modify-1' 'same' 'same'
 'same' 'modify-1' 'same' 'same' 'modify-1' 'same' 'same' 'same'
 'modify-1' 'modify-1' 'same' 'modify-1' 'modify-2' 'modify-1' 'same'
 'same' 'modify-1' 'modify-1' 'modify-1' 'modify-1' 'modify-1' 'modify-1'
 'modify-1' 'modify-1' 'same' 'same' 'same' 'same' 'same' 'same' 'same'
 'same' 'same' 'modify-2' 'modify-2' 'same' 'same' 'same' 'same'
 'modify-2' 'modify-2' 'same' 'same' 'same' 'same' 'same' 'same' 'same'
 'same' 'same' 'same' 'same' 'same' 'same' 'same' 'same' 'same' 'same'
 'modify-1' 'modify-1' 'modify-1' 'modify-1' 'modify-1' 'modify-2'
 'modify-1' 'modify-1' 'modify-1' 'same' 'same' 'same' 'modify-1'
 'modify-1' 'modify-1' 'modify-1' 'same' 'same' 'modify-1' 'modify-1'
 'modify-1' 'modify-1' 'same' 'same' 'same' 'same' 'modify-1' 'modify-1'
 'modify-1' 'modify-1' 'modify-1' 'modify-1' 'modify-1' 'modify-1'
 'modify-1' 'modify-1' 'modify-1' 'modify-1' 'same' 'modify-1' 'modify-2'
 'modify-1' 'modify-1' 'modify-1' 'same' 'same' 'same' 'same' 'same'
 'same' 'modify-1' 'modify-1' 'modify-1' 'modify-1' 'same' 'same' 'same'
 'same' 'same' 'modify-1' 'modify-1' 'modify-1' 'modify-1' 'same' 'same'
 'same' 'same' 'same' 'same' 'modify-2' 'modify-2' 'same' 'same' 'same'
 'same' 'same']"
stu34_bcf_p3_logs.csv,0.5345911949685535,OfflineSVM,,"['same' 'same' 'same' 'same' 'same' 'same' 'same' 'same' 'same' 'same'
 'same' 'same' 'same' 'same' 'same' 'same' 'same' 'same' 'same' 'same'
 'same' 'same' 'same' 'same' 'same' 'same' 'same' 'same' 'same' 'same'
 'same' 'same' 'same' 'same' 'same' 'same' 'same' 'same' 'same' 'same'
 'same' 'same' 'same' 'same' 'same' 'same' 'same' 'same' 'same' 'same'
 'same' 'same' 'same' 'same' 'same' 'same' 'same' 'same' 'same' 'same'
 'same' 'same' 'same' 'same' 'same' 'same' 'same' 'same' 'same' 'same'
 'same' 'same' 'same' 'same' 'same' 'same' 'same' 'same' 'same' 'same'
 'same' 'same' 'same' 'same' 'same' 'same' 'same' 'same' 'same' 'same'
 'same' 'same' 'same' 'same' 'same' 'same' 'same' 'same' 'same' 'same'
 'same' 'same' 'same' 'same' 'same' 'same' 'same' 'same' 'same' 'same'
 'same' 'same' 'same' 'same' 'same' 'same' 'same' 'same' 'same' 'same'
 'same' 'same' 'same' 'same' 'same' 'same' 'same' 'same' 'same' 'same'
 'same' 'same' 'same' 'same' 'same' 'same' 'same' 'same' 'same' 'same'
 'same' 'same' 'same' 'same' 'same' 'same' 'same' 'same' 'same' 'same'
 'same' 'same' 'same' 'same' 'same' 'same' 'same' 'same' 'same']","['modify-1' 'modify-1' 'same' 'modify-1' 'same' 'modify-1' 'modify-1'
 'same' 'same' 'same' 'modify-1' 'modify-1' 'modify-1' 'modify-1' 'same'
 'same' 'same' 'same' 'same' 'same' 'same' 'same' 'modify-1' 'modify-1'
 'modify-1' 'modify-1' 'modify-1' 'modify-1' 'modify-1' 'modify-1'
 'modify-1' 'modify-1' 'modify-1' 'modify-1' 'modify-2' 'same' 'modify-2'
 'same' 'same' 'same' 'modify-2' 'modify-2' 'modify-2' 'modify-2' 'same'
 'same' 'same' 'same' 'modify-2' 'same' 'modify-1' 'same' 'modify-2'
 'modify-2' 'modify-2' 'modify-3' 'modify-3' 'same' 'same' 'same' 'same'
 'same' 'same' 'same' 'same' 'same' 'same' 'same' 'same' 'modify-2'
 'modify-2' 'modify-1' 'modify-1' 'same' 'modify-1' 'same' 'modify-1'
 'modify-1' 'same' 'same' 'same' 'same' 'modify-2' 'modify-2' 'modify-3'
 'modify-1' 'modify-2' 'modify-2' 'modify-2' 'same' 'same' 'same' 'same'
 'same' 'same' 'same' 'same' 'same' 'same' 'same' 'modify-2' 'modify-2'
 'modify-2' 'modify-2' 'same' 'same' 'same' 'same' 'same' 'same' 'same'
 'same' 'modify-2' 'modify-1' 'same' 'modify-1' 'modify-2' 'same'
 'modify-3' 'modify-3' 'modify-2' 'modify-2' 'modify-1' 'modify-1'
 'modify-1' 'modify-1' 'same' 'same' 'same' 'same' 'modify-2' 'modify-2'
 'same' 'same' 'same' 'same' 'same' 'same' 'same' 'same' 'same' 'same'
 'same' 'modify-2' 'modify-2' 'modify-1' 'modify-1' 'modify-1' 'modify-1'
 'modify-2' 'modify-2' 'same' 'same' 'same' 'same' 'same' 'same' 'same'
 'same']"
stu12_bdf_p3_logs.csv,0.568,OfflineSVM,,"['same' 'same' 'modify-2' 'modify-2' 'modify-2' 'modify-2' 'modify-2'
 'modify-2' 'modify-2' 'modify-2' 'modify-2' 'same' 'modify-2' 'modify-2'
 'modify-2' 'modify-2' 'same' 'same' 'same' 'same' 'same' 'same' 'same'
 'same' 'same' 'same' 'same' 'same' 'same' 'same' 'same' 'same' 'same'
 'same' 'same' 'same' 'same' 'same' 'same' 'same' 'same' 'same' 'same'
 'same' 'same' 'same' 'same' 'same' 'same' 'same' 'same' 'same' 'same'
 'same' 'same' 'same' 'same' 'same' 'same' 'same' 'same' 'same' 'same'
 'same' 'same' 'same' 'same' 'same' 'modify-2' 'modify-2' 'modify-2'
 'modify-2' 'modify-2' 'modify-2' 'modify-2' 'modify-2' 'modify-2'
 'modify-2' 'modify-2' 'modify-2' 'modify-2' 'same' 'same' 'same' 'same'
 'same' 'same' 'modify-2' 'modify-2' 'same' 'same' 'same' 'same'
 'modify-2' 'modify-2' 'modify-2' 'same' 'same' 'same' 'same' 'same'
 'same' 'same' 'same' 'same' 'same' 'same' 'same' 'same' 'same' 'same'
 'same' 'same' 'same' 'same' 'same' 'same' 'same' 'same' 'same' 'same'
 'same' 'same' 'same' 'same']","['same' 'modify-1' 'same' 'same' 'same' 'same' 'same' 'same' 'modify-1'
 'modify-1' 'modify-1' 'modify-1' 'same' 'same' 'same' 'modify-1' 'same'
 'modify-1' 'same' 'same' 'same' 'same' 'modify-1' 'same' 'same' 'same'
 'modify-1' 'same' 'same' 'same' 'same' 'same' 'same' 'same' 'same' 'same'
 'same' 'same' 'same' 'modify-1' 'same' 'same' 'same' 'same' 'same' 'same'
 'same' 'same' 'same' 'same' 'same' 'same' 'same' 'same' 'modify-2' 'same'
 'same' 'modify-2' 'same' 'same' 'modify-1' 'modify-1' 'same' 'modify-1'
 'same' 'same' 'same' 'modify-1' 'same' 'same' 'same' 'same' 'same' 'same'
 'modify-1' 'same' 'same' 'same' 'same' 'same' 'modify-2' 'same'
 'modify-1' 'modify-1' 'same' 'modify-2' 'modify-2' 'same' 'modify-1'
 'modify-1' 'modify-1' 'same' 'modify-1' 'same' 'modify-2' 'modify-2'
 'modify-1' 'modify-1' 'same' 'same' 'same' 'same' 'same' 'same' 'same'
 'same' 'modify-1' 'same' 'same' 'modify-1' 'modify-1' 'same' 'modify-1'
 'same' 'same' 'same' 'same' 'modify-1' 'same' 'same' 'same' 'same' 'same'
 'same' 'same']"
stu35_bde_p3_logs.csv,0.4791666666666667,OfflineSVM,,"['same' 'same' 'same' 'same' 'same' 'same' 'same' 'same' 'same' 'same'
 'same' 'same' 'same' 'same' 'same' 'same' 'same' 'same' 'same' 'same'
 'same' 'same' 'same' 'same' 'same' 'same' 'same' 'same' 'same' 'same'
 'same' 'same' 'same' 'same' 'same' 'same' 'same' 'same' 'same' 'same'
 'same' 'same' 'same' 'same' 'same' 'same' 'same' 'same']","['modify-1' 'modify-1' 'modify-1' 'same' 'modify-1' 'modify-1' 'modify-1'
 'same' 'same' 'modify-1' 'same' 'modify-1' 'same' 'modify-1' 'same'
 'modify-1' 'modify-1' 'same' 'same' 'same' 'same' 'modify-1' 'modify-1'
 'same' 'same' 'same' 'same' 'modify-1' 'modify-1' 'same' 'modify-1'
 'same' 'modify-1' 'same' 'same' 'modify-1' 'same' 'modify-1' 'modify-1'
 'modify-1' 'same' 'modify-1' 'modify-1' 'same' 'modify-1' 'same'
 'modify-1' 'same']"
stu1_bce_p3_logs.csv,0.5838509316770186,OfflineSVM,,"['modify-2' 'modify-2' 'modify-2' 'modify-2' 'modify-2' 'modify-2'
 'modify-2' 'modify-2' 'modify-2' 'modify-2' 'modify-2' 'modify-2'
 'modify-2' 'modify-2' 'same' 'same' 'same' 'same' 'same' 'same' 'same'
 'same' 'same' 'same' 'same' 'same' 'same' 'same' 'same' 'same' 'same'
 'same' 'same' 'same' 'same' 'same' 'same' 'same' 'same' 'same' 'same'
 'same' 'same' 'same' 'same' 'same' 'same' 'same' 'same' 'same' 'same'
 'same' 'same' 'same' 'same' 'same' 'same' 'same' 'same' 'same' 'same'
 'same' 'same' 'same' 'same' 'same' 'same' 'same' 'same' 'same' 'same'
 'same' 'same' 'same' 'same' 'same' 'same' 'same' 'same' 'same' 'same'
 'same' 'same' 'same' 'modify-2' 'modify-2' 'modify-2' 'same' 'same'
 'same' 'same' 'same' 'same' 'same' 'same' 'modify-2' 'same' 'same' 'same'
 'modify-2' 'same' 'same' 'same' 'same' 'modify-2' 'same' 'same' 'same'
 'same' 'same' 'same' 'modify-2' 'same' 'modify-2' 'same' 'modify-2'
 'modify-2' 'modify-2' 'modify-2' 'modify-2' 'modify-2' 'modify-2'
 'modify-2' 'modify-2' 'modify-2' 'modify-2' 'modify-2' 'modify-2'
 'modify-2' 'modify-2' 'same' 'same' 'same' 'same' 'same' 'same' 'same'
 'same' 'same' 'same' 'modify-2' 'modify-2' 'modify-2' 'modify-2'
 'modify-2' 'modify-2' 'modify-2' 'modify-2' 'modify-2' 'modify-2'
 'modify-2' 'modify-2' 'modify-2' 'modify-2' 'modify-2' 'same' 'same'
 'same' 'same' 'same' 'same']","['same' 'modify-1' 'same' 'modify-1' 'same' 'same' 'modify-1' 'modify-1'
 'modify-1' 'same' 'modify-1' 'same' 'modify-1' 'modify-1' 'modify-1'
 'same' 'modify-1' 'same' 'same' 'modify-1' 'modify-1' 'same' 'same'
 'same' 'modify-1' 'modify-1' 'same' 'same' 'same' 'same' 'same' 'same'
 'same' 'same' 'same' 'same' 'same' 'same' 'same' 'modify-1' 'same'
 'modify-1' 'same' 'same' 'same' 'same' 'same' 'same' 'same' 'same'
 'modify-1' 'modify-1' 'same' 'same' 'same' 'same' 'same' 'same' 'same'
 'modify-1' 'modify-1' 'same' 'same' 'same' 'same' 'same' 'same' 'same'
 'same' 'same' 'same' 'same' 'same' 'same' 'same' 'same' 'same' 'same'
 'same' 'same' 'same' 'modify-1' 'modify-1' 'modify-2' 'modify-1'
 'modify-1' 'modify-1' 'same' 'same' 'same' 'same' 'same' 'modify-1'
 'same' 'modify-3' 'modify-2' 'same' 'same' 'modify-2' 'modify-2' 'same'
 'same' 'same' 'modify-2' 'modify-2' 'same' 'same' 'same' 'same' 'same'
 'modify-2' 'modify-2' 'modify-2' 'modify-2' 'modify-2' 'modify-2' 'same'
 'same' 'same' 'same' 'modify-1' 'modify-1' 'modify-1' 'modify-1' 'same'
 'same' 'same' 'same' 'same' 'modify-1' 'modify-1' 'same' 'modify-1'
 'same' 'same' 'same' 'same' 'modify-1' 'modify-1' 'modify-2' 'modify-1'
 'modify-1' 'modify-1' 'same' 'same' 'same' 'modify-2' 'modify-2' 'same'
 'same' 'same' 'modify-2' 'modify-2' 'modify-2' 'modify-2' 'same' 'same'
 'same' 'same' 'same' 'same']"
pro32_bdf_p3_logs.csv,0.6415094339622641,OfflineSVM,,"['same' 'same' 'same' 'same' 'same' 'same' 'same' 'same' 'modify-1' 'same'
 'same' 'same' 'same' 'same' 'same' 'same' 'same' 'same' 'same' 'same'
 'same' 'same' 'same' 'modify-1' 'modify-1' 'same' 'same' 'same' 'same'
 'same' 'same' 'same' 'same' 'same' 'same' 'same' 'modify-1' 'modify-1'
 'same' 'same' 'same' 'same' 'same' 'same' 'same' 'same' 'same' 'same'
 'same' 'same' 'same' 'same' 'same' 'same' 'same' 'same' 'same' 'same'
 'same' 'same' 'same' 'same' 'same' 'same' 'same' 'same' 'same' 'same'
 'same' 'same' 'same' 'same' 'same' 'same' 'same' 'same' 'same' 'same'
 'same' 'same' 'same' 'same' 'same' 'same' 'same' 'same' 'same' 'same'
 'same' 'same' 'same' 'same' 'same' 'same' 'same' 'same' 'same' 'same'
 'same' 'same' 'modify-1' 'same' 'same' 'same' 'same' 'same' 'same' 'same'
 'same' 'same' 'same' 'same' 'same' 'same' 'same' 'same' 'same' 'same'
 'same' 'same' 'same' 'same' 'same' 'same' 'same' 'same' 'same' 'same'
 'same' 'same' 'same' 'same' 'same' 'same' 'same' 'same' 'same' 'same'
 'same' 'same' 'same' 'same' 'same' 'same' 'same' 'same' 'same' 'same'
 'same' 'same' 'same' 'same' 'same' 'same' 'same' 'same' 'same' 'same'
 'same' 'same' 'same' 'same' 'same' 'same' 'same' 'same' 'same' 'same'
 'same' 'same' 'same' 'same' 'same' 'same' 'same' 'same' 'same' 'same'
 'same' 'same' 'same' 'same' 'same' 'same' 'same' 'same' 'same' 'same'
 'same' 'same' 'same' 'same' 'same' 'same' 'same' 'same' 'same' 'same'
 'same' 'same' 'same' 'same' 'same' 'same' 'same' 'same' 'same' 'same'
 'same' 'same' 'same' 'same' 'same' 'same' 'same' 'same' 'same' 'same'
 'same' 'same' 'same' 'same' 'same' 'same' 'same' 'same' 'same' 'same'
 'same' 'same' 'same' 'same' 'same' 'same' 'same' 'same' 'same' 'same'
 'same' 'modify-1' 'same' 'same' 'same' 'same' 'same' 'same' 'same' 'same'
 'same' 'same' 'same' 'same' 'same' 'same' 'same' 'same' 'same' 'same'
 'same' 'same' 'same' 'same' 'same' 'same' 'same']","['same' 'same' 'same' 'modify-1' 'modify-1' 'modify-1' 'same' 'modify-1'
 'modify-1' 'same' 'modify-1' 'same' 'modify-1' 'same' 'same' 'same'
 'modify-1' 'modify-1' 'same' 'same' 'same' 'same' 'modify-1' 'same'
 'modify-1' 'modify-1' 'same' 'same' 'same' 'modify-1' 'modify-1' 'same'
 'same' 'modify-1' 'modify-1' 'modify-1' 'same' 'modify-2' 'same'
 'modify-1' 'same' 'same' 'modify-2' 'same' 'same' 'same' 'modify-2'
 'same' 'same' 'same' 'same' 'same' 'same' 'same' 'same' 'same' 'same'
 'same' 'same' 'same' 'modify-1' 'modify-1' 'same' 'modify-1' 'modify-1'
 'same' 'same' 'same' 'same' 'same' 'same' 'same' 'same' 'same' 'same'
 'same' 'modify-1' 'same' 'same' 'modify-1' 'same' 'same' 'same' 'same'
 'same' 'same' 'same' 'same' 'same' 'same' 'modify-2' 'same' 'modify-2'
 'modify-2' 'same' 'modify-2' 'same' 'modify-1' 'modify-1' 'modify-2'
 'modify-2' 'same' 'same' 'same' 'same' 'same' 'same' 'same' 'same' 'same'
 'same' 'modify-1' 'same' 'same' 'modify-2' 'modify-2' 'same' 'modify-1'
 'same' 'same' 'same' 'same' 'same' 'modify-1' 'same' 'same' 'modify-2'
 'modify-1' 'modify-2' 'same' 'same' 'same' 'same' 'modify-2' 'modify-2'
 'same' 'modify-2' 'same' 'same' 'same' 'modify-1' 'same' 'same' 'same'
 'modify-1' 'same' 'modify-2' 'same' 'same' 'same' 'modify-2' 'same'
 'modify-1' 'same' 'modify-1' 'modify-2' 'same' 'same' 'modify-2' 'same'
 'same' 'modify-2' 'modify-1' 'same' 'same' 'modify-1' 'modify-2'
 'modify-2' 'same' 'modify-2' 'same' 'same' 'modify-2' 'same' 'same'
 'same' 'same' 'same' 'modify-2' 'same' 'modify-1' 'modify-2' 'same'
 'modify-1' 'modify-1' 'same' 'modify-2' 'same' 'modify-2' 'same' 'same'
 'same' 'modify-2' 'same' 'same' 'same' 'same' 'same' 'modify-2' 'same'
 'same' 'same' 'same' 'same' 'same' 'same' 'modify-1' 'same' 'same' 'same'
 'same' 'modify-2' 'same' 'modify-2' 'same' 'modify-2' 'same' 'same'
 'same' 'same' 'same' 'modify-2' 'same' 'modify-2' 'modify-2' 'same'
 'modify-1' 'same' 'same' 'modify-1' 'same' 'modify-1' 'same' 'modify-1'
 'modify-2' 'modify-2' 'modify-2' 'same' 'modify-2' 'modify-2' 'same'
 'modify-1' 'same' 'same' 'same' 'modify-1' 'same' 'same' 'modify-2'
 'modify-2' 'same' 'modify-2' 'same' 'same' 'modify-2' 'same' 'modify-1'
 'same' 'same' 'modify-1' 'modify-1' 'same' 'same' 'same' 'same']"
pro27_bcf_p3_logs.csv,0.5555555555555556,OfflineSVM,,"['same' 'same' 'same' 'same' 'same' 'same' 'same' 'same' 'same' 'same'
 'same' 'same' 'same' 'same' 'same' 'same' 'same' 'same' 'same' 'same'
 'same' 'same' 'same' 'same' 'same' 'same' 'same' 'same' 'same' 'same'
 'same' 'same' 'same' 'same' 'same' 'same' 'same' 'same' 'same' 'same'
 'same' 'same' 'same' 'same' 'same' 'same' 'same' 'same' 'same' 'same'
 'same' 'same' 'same' 'same' 'same' 'same' 'same' 'same' 'same' 'same'
 'same' 'same' 'same' 'same' 'same' 'same' 'same' 'same' 'same' 'same'
 'same' 'same' 'same' 'same' 'same' 'same' 'same' 'same' 'same' 'same'
 'same' 'same' 'same' 'same' 'same' 'same' 'same' 'same' 'same' 'same'
 'same' 'same' 'same' 'same' 'same' 'same' 'same' 'same' 'same' 'same'
 'same' 'same' 'same' 'same' 'same' 'same' 'same' 'same' 'same' 'same'
 'same' 'same' 'same' 'same' 'same' 'same' 'same' 'same' 'same' 'same'
 'same' 'same' 'same' 'same' 'same' 'same' 'same' 'same' 'same' 'same'
 'same' 'same' 'same' 'same' 'same' 'same' 'same' 'same' 'same' 'same'
 'same' 'same' 'same' 'same' 'same' 'same' 'same' 'same' 'same' 'same'
 'same' 'same' 'same' 'same' 'same' 'same' 'same' 'same' 'same' 'same'
 'same' 'same' 'same' 'same' 'same' 'same' 'same' 'same' 'same' 'same'
 'same' 'same' 'same' 'same' 'same' 'same' 'same' 'same' 'same' 'same'
 'same' 'same' 'same' 'same' 'same' 'same' 'same' 'same' 'same']","['modify-1' 'same' 'same' 'modify-1' 'same' 'modify-2' 'modify-1'
 'modify-2' 'same' 'same' 'same' 'modify-1' 'modify-1' 'same' 'same'
 'same' 'same' 'modify-2' 'modify-2' 'same' 'modify-2' 'same' 'same'
 'modify-1' 'same' 'modify-1' 'same' 'modify-3' 'modify-3' 'modify-2'
 'modify-2' 'modify-2' 'modify-2' 'modify-2' 'modify-2' 'modify-2'
 'modify-2' 'modify-2' 'modify-2' 'modify-2' 'same' 'modify-2' 'same'
 'same' 'same' 'same' 'modify-2' 'same' 'same' 'modify-3' 'same'
 'modify-3' 'same' 'same' 'modify-2' 'same' 'same' 'same' 'same' 'same'
 'modify-2' 'modify-2' 'modify-2' 'modify-2' 'same' 'same' 'modify-2'
 'modify-2' 'modify-2' 'modify-2' 'same' 'same' 'same' 'same' 'same'
 'same' 'same' 'same' 'same' 'same' 'modify-1' 'modify-2' 'same'
 'modify-1' 'same' 'same' 'modify-1' 'same' 'modify-2' 'same' 'same'
 'modify-2' 'modify-2' 'modify-2' 'modify-2' 'same' 'same' 'same' 'same'
 'same' 'same' 'same' 'same' 'same' 'same' 'same' 'same' 'modify-2'
 'modify-2' 'same' 'same' 'same' 'same' 'same' 'same' 'modify-2'
 'modify-1' 'same' 'modify-1' 'same' 'same' 'modify-3' 'modify-2' 'same'
 'same' 'modify-2' 'same' 'same' 'same' 'same' 'modify-2' 'modify-2'
 'modify-2' 'same' 'modify-1' 'modify-2' 'same' 'same' 'same' 'same'
 'same' 'same' 'same' 'same' 'same' 'modify-2' 'modify-2' 'modify-2'
 'modify-2' 'modify-2' 'same' 'modify-2' 'same' 'same' 'same' 'same'
 'modify-2' 'modify-2' 'same' 'same' 'modify-2' 'modify-2' 'same' 'same'
 'same' 'modify-2' 'modify-2' 'modify-2' 'same' 'modify-2' 'same' 'same'
 'same' 'same' 'same' 'same' 'modify-2' 'same' 'modify-1' 'modify-2'
 'modify-2' 'modify-2' 'same' 'modify-2' 'modify-2' 'modify-2' 'modify-2'
 'modify-2' 'same']"
stu14_bcf_p3_logs.csv,0.5344827586206896,OfflineSVM,,"['same' 'same' 'same' 'same' 'same' 'same' 'same' 'same' 'same' 'same'
 'same' 'same' 'same' 'same' 'same' 'same' 'same' 'same' 'same' 'same'
 'same' 'same' 'same' 'same' 'same' 'same' 'same' 'same' 'same' 'same'
 'same' 'same' 'same' 'same' 'same' 'same' 'same' 'same' 'same' 'same'
 'same' 'same' 'same' 'same' 'same' 'same' 'same' 'same' 'same' 'same'
 'same' 'same' 'same' 'same' 'same' 'same' 'same' 'same' 'same' 'same'
 'same' 'same' 'same' 'same' 'same' 'same' 'same' 'same' 'same' 'same'
 'same' 'same' 'same' 'same' 'same' 'same' 'same' 'same' 'same' 'same'
 'same' 'same' 'same' 'same' 'same' 'same' 'same' 'same' 'same' 'same'
 'same' 'same' 'same' 'same' 'same' 'same' 'same' 'same' 'same' 'same'
 'same' 'same' 'same' 'same' 'same' 'same' 'same' 'same' 'same' 'same'
 'same' 'same' 'same' 'same' 'same' 'same' 'same' 'same' 'same' 'same'
 'same' 'same' 'same' 'same' 'same' 'same' 'same' 'same' 'same' 'same'
 'same' 'same' 'same' 'same' 'same' 'same' 'same' 'same' 'same' 'same'
 'same' 'same' 'same' 'same' 'same' 'same' 'same' 'same' 'same' 'same'
 'same' 'same' 'same' 'same' 'same' 'same' 'same' 'same' 'same' 'same'
 'same' 'same' 'same' 'same' 'same' 'same' 'same' 'same' 'same' 'same'
 'same' 'same' 'same' 'same']","['same' 'modify-1' 'same' 'modify-2' 'same' 'same' 'same' 'same' 'same'
 'modify-1' 'modify-1' 'same' 'same' 'same' 'same' 'same' 'same' 'same'
 'same' 'modify-2' 'same' 'same' 'same' 'same' 'same' 'modify-2' 'same'
 'modify-2' 'modify-2' 'modify-1' 'modify-1' 'modify-2' 'modify-2'
 'modify-3' 'modify-1' 'modify-1' 'modify-3' 'same' 'same' 'same' 'same'
 'same' 'same' 'same' 'same' 'same' 'modify-2' 'modify-2' 'modify-2'
 'modify-2' 'same' 'same' 'same' 'modify-2' 'same' 'same' 'same'
 'modify-1' 'same' 'same' 'modify-2' 'same' 'same' 'same' 'modify-1'
 'same' 'same' 'same' 'same' 'modify-2' 'same' 'modify-2' 'modify-2'
 'same' 'same' 'same' 'same' 'same' 'same' 'same' 'same' 'modify-2'
 'modify-2' 'same' 'same' 'modify-2' 'modify-2' 'same' 'same' 'same'
 'modify-1' 'modify-1' 'modify-1' 'modify-1' 'same' 'same' 'same' 'same'
 'same' 'modify-2' 'modify-2' 'modify-2' 'modify-2' 'same' 'same' 'same'
 'same' 'modify-2' 'modify-2' 'same' 'same' 'modify-2' 'modify-2'
 'modify-2' 'modify-2' 'same' 'same' 'same' 'same' 'same' 'same'
 'modify-2' 'modify-2' 'modify-1' 'modify-1' 'modify-1' 'modify-1' 'same'
 'same' 'modify-1' 'modify-1' 'modify-1' 'modify-1' 'modify-1' 'modify-1'
 'same' 'same' 'same' 'same' 'modify-1' 'modify-1' 'same' 'modify-1'
 'modify-1' 'modify-1' 'modify-1' 'same' 'same' 'modify-1' 'modify-1'
 'modify-1' 'modify-1' 'same' 'modify-2' 'same' 'modify-2' 'same'
 'modify-1' 'modify-1' 'modify-1' 'modify-1' 'modify-2' 'modify-2'
 'modify-3' 'modify-3' 'modify-2' 'modify-2' 'modify-2' 'modify-2' 'same'
 'same' 'same' 'same' 'same']"
pro28_bce_p3_logs.csv,0.5833333333333334,OfflineSVM,,"['same' 'same' 'same' 'same' 'same' 'same' 'same' 'same' 'same' 'same'
 'same' 'same' 'same' 'same' 'same' 'same' 'same' 'same' 'same' 'same'
 'same' 'same' 'same' 'same' 'same' 'same' 'same' 'same' 'same' 'same'
 'same' 'same' 'same' 'same' 'same' 'same' 'same' 'same' 'same' 'same'
 'same' 'same' 'same' 'same' 'same' 'same' 'same' 'same' 'same' 'same'
 'same' 'same' 'same' 'same' 'same' 'same' 'same' 'same' 'same' 'same'
 'same' 'same' 'same' 'same' 'same' 'same' 'same' 'same' 'same' 'same'
 'same' 'same' 'same' 'same' 'same' 'same' 'same' 'same' 'same' 'same'
 'same' 'same' 'same' 'same' 'same' 'same' 'same' 'same' 'same' 'same'
 'same' 'same' 'same' 'same' 'same' 'same' 'same' 'same' 'same' 'same'
 'same' 'same' 'same' 'same' 'same' 'same' 'same' 'same' 'same' 'same'
 'same' 'same' 'same' 'same' 'same' 'same' 'same' 'same' 'same' 'same'
 'same' 'same' 'same' 'same' 'same' 'same' 'same' 'same' 'same' 'same'
 'same' 'same' 'same' 'same' 'same' 'same' 'same' 'same' 'same' 'same'
 'same' 'same' 'same' 'same' 'same' 'same' 'same' 'same' 'same' 'same'
 'same' 'same' 'same' 'same' 'same' 'same' 'same' 'same' 'same' 'same'
 'same' 'same' 'same' 'same' 'same' 'same' 'same' 'same' 'same' 'same'
 'same' 'same' 'same' 'same' 'same' 'same' 'same' 'same' 'same' 'same'
 'same' 'same' 'same' 'same' 'same' 'same' 'same' 'same' 'same' 'same'
 'same' 'same' 'same' 'same' 'same' 'same' 'same' 'same' 'same' 'same'
 'same' 'same' 'same' 'same']","['same' 'modify-1' 'same' 'modify-1' 'modify-1' 'modify-2' 'modify-2'
 'modify-3' 'modify-3' 'modify-1' 'modify-1' 'same' 'modify-3' 'modify-3'
 'modify-1' 'modify-1' 'modify-2' 'modify-2' 'modify-1' 'modify-1'
 'modify-1' 'modify-1' 'modify-2' 'modify-2' 'modify-3' 'modify-1'
 'modify-2' 'modify-2' 'modify-2' 'modify-1' 'same' 'modify-1' 'same'
 'modify-1' 'modify-3' 'modify-2' 'same' 'same' 'same' 'same' 'modify-1'
 'modify-1' 'same' 'same' 'modify-2' 'modify-2' 'same' 'same' 'same'
 'same' 'same' 'same' 'same' 'same' 'same' 'modify-2' 'modify-2' 'same'
 'same' 'same' 'same' 'same' 'modify-3' 'modify-3' 'modify-2' 'modify-2'
 'modify-2' 'modify-2' 'modify-1' 'same' 'same' 'same' 'modify-1' 'same'
 'same' 'modify-1' 'same' 'same' 'same' 'modify-1' 'modify-1' 'same'
 'modify-2' 'modify-2' 'modify-1' 'modify-1' 'modify-1' 'modify-1'
 'modify-2' 'modify-2' 'modify-2' 'modify-2' 'same' 'same' 'same'
 'modify-1' 'same' 'same' 'same' 'same' 'same' 'same' 'same' 'same' 'same'
 'same' 'same' 'modify-1' 'same' 'same' 'same' 'same' 'same' 'same' 'same'
 'same' 'same' 'same' 'same' 'modify-1' 'same' 'same' 'same' 'same' 'same'
 'same' 'modify-1' 'same' 'modify-1' 'same' 'modify-1' 'same' 'same'
 'modify-1' 'same' 'same' 'same' 'same' 'same' 'same' 'same' 'modify-1'
 'same' 'same' 'same' 'same' 'same' 'same' 'modify-1' 'same' 'modify-1'
 'same' 'same' 'same' 'same' 'same' 'modify-1' 'modify-1' 'modify-1'
 'modify-1' 'modify-1' 'modify-1' 'same' 'same' 'same' 'same' 'modify-1'
 'modify-1' 'same' 'same' 'same' 'modify-1' 'modify-1' 'same' 'same'
 'modify-1' 'same' 'same' 'modify-1' 'same' 'same' 'same' 'same' 'same'
 'same' 'same' 'same' 'same' 'same' 'same' 'same' 'same' 'same' 'modify-1'
 'modify-1' 'same' 'same' 'same' 'modify-1' 'same' 'modify-1' 'modify-1'
 'same' 'same']"
stu8_bce_p3_logs.csv,0.5511811023622047,OfflineSVM,,"['modify-1' 'modify-1' 'modify-1' 'modify-1' 'modify-1' 'modify-1'
 'modify-1' 'modify-1' 'modify-1' 'modify-1' 'modify-1' 'modify-1'
 'modify-1' 'modify-1' 'modify-1' 'modify-1' 'modify-1' 'modify-1'
 'modify-1' 'modify-1' 'modify-1' 'modify-1' 'modify-1' 'modify-1'
 'modify-1' 'modify-1' 'modify-1' 'same' 'same' 'modify-1' 'same' 'same'
 'same' 'same' 'same' 'same' 'same' 'same' 'same' 'same' 'same' 'same'
 'modify-1' 'same' 'same' 'same' 'same' 'same' 'same' 'same' 'same' 'same'
 'same' 'same' 'modify-1' 'modify-1' 'modify-1' 'modify-1' 'modify-1'
 'modify-1' 'modify-1' 'modify-1' 'modify-1' 'modify-1' 'same' 'same'
 'modify-1' 'same' 'same' 'same' 'same' 'same' 'same' 'same' 'same' 'same'
 'same' 'same' 'same' 'same' 'same' 'same' 'same' 'same' 'modify-1' 'same'
 'same' 'same' 'modify-1' 'same' 'modify-1' 'modify-1' 'same' 'same'
 'same' 'same' 'same' 'modify-1' 'same' 'modify-1' 'same' 'same' 'same'
 'same' 'same' 'same' 'same' 'same' 'same' 'same' 'modify-1' 'same' 'same'
 'same' 'same' 'same' 'same' 'same' 'same' 'same' 'same' 'same' 'modify-1'
 'same' 'same' 'same' 'same']","['same' 'modify-1' 'same' 'same' 'same' 'modify-1' 'modify-1' 'modify-1'
 'modify-1' 'same' 'same' 'same' 'modify-1' 'modify-1' 'same' 'same'
 'modify-1' 'modify-1' 'same' 'same' 'modify-1' 'modify-1' 'same' 'same'
 'same' 'same' 'modify-2' 'modify-2' 'modify-2' 'modify-2' 'same' 'same'
 'same' 'same' 'same' 'same' 'same' 'same' 'same' 'same' 'modify-1'
 'modify-1' 'modify-1' 'modify-1' 'same' 'same' 'same' 'same' 'same'
 'same' 'same' 'same' 'modify-1' 'modify-1' 'modify-1' 'modify-1' 'same'
 'same' 'modify-1' 'modify-1' 'modify-1' 'modify-1' 'same' 'modify-2'
 'modify-2' 'modify-2' 'modify-2' 'same' 'same' 'same' 'modify-1' 'same'
 'same' 'same' 'modify-1' 'modify-2' 'modify-2' 'same' 'same' 'same'
 'same' 'same' 'same' 'modify-3' 'modify-3' 'modify-2' 'modify-2'
 'modify-2' 'modify-2' 'modify-1' 'same' 'modify-1' 'same' 'same' 'same'
 'same' 'modify-2' 'modify-2' 'modify-2' 'modify-2' 'same' 'same' 'same'
 'same' 'same' 'same' 'same' 'modify-3' 'modify-3' 'modify-2' 'modify-2'
 'modify-2' 'modify-2' 'same' 'same' 'same' 'same' 'same' 'same'
 'modify-2' 'modify-2' 'modify-2' 'modify-2' 'same' 'same' 'same' 'same']"
pro10_bdf_p3_logs.csv,0.6338582677165354,OfflineSVM,,"['same' 'same' 'same' 'same' 'same' 'same' 'same' 'same' 'same' 'same'
 'same' 'same' 'same' 'same' 'same' 'same' 'same' 'same' 'same' 'same'
 'same' 'same' 'same' 'same' 'same' 'same' 'same' 'same' 'same' 'same'
 'same' 'same' 'same' 'same' 'same' 'same' 'same' 'same' 'same' 'same'
 'same' 'same' 'same' 'same' 'same' 'same' 'same' 'same' 'same' 'same'
 'same' 'same' 'same' 'same' 'same' 'same' 'same' 'same' 'same' 'same'
 'same' 'same' 'same' 'same' 'same' 'same' 'same' 'same' 'same' 'same'
 'same' 'same' 'same' 'same' 'same' 'same' 'same' 'same' 'same' 'same'
 'same' 'same' 'same' 'same' 'same' 'same' 'same' 'same' 'same' 'same'
 'same' 'same' 'same' 'same' 'same' 'same' 'same' 'same' 'same' 'same'
 'same' 'same' 'same' 'same' 'same' 'same' 'same' 'same' 'same' 'same'
 'same' 'same' 'same' 'same' 'same' 'same' 'same' 'same' 'same' 'same'
 'same' 'same' 'same' 'same' 'same' 'same' 'same' 'same' 'same' 'same'
 'same' 'same' 'same' 'same' 'same' 'same' 'same' 'same' 'same' 'same'
 'same' 'same' 'same' 'same' 'same' 'same' 'same' 'same' 'same' 'same'
 'same' 'same' 'same' 'same' 'same' 'same' 'same' 'same' 'same' 'same'
 'same' 'same' 'same' 'same' 'same' 'same' 'same' 'same' 'same' 'same'
 'same' 'same' 'same' 'same' 'same' 'same' 'same' 'same' 'same' 'same'
 'same' 'same' 'same' 'same' 'same' 'same' 'same' 'same' 'same' 'same'
 'same' 'same' 'same' 'same' 'same' 'same' 'same' 'same' 'same' 'same'
 'same' 'same' 'same' 'same' 'same' 'same' 'same' 'same' 'same' 'same'
 'same' 'same' 'same' 'same' 'same' 'same' 'same' 'same' 'same' 'same'
 'same' 'same' 'same' 'same' 'same' 'same' 'same' 'same' 'same' 'same'
 'same' 'same' 'same' 'same' 'same' 'same' 'same' 'same' 'same' 'same'
 'same' 'same' 'same' 'same' 'same' 'same' 'same' 'same' 'same' 'same'
 'same' 'same' 'same' 'same']","['same' 'modify-1' 'same' 'modify-1' 'modify-1' 'modify-2' 'modify-2'
 'same' 'same' 'modify-3' 'modify-3' 'modify-2' 'modify-2' 'modify-2'
 'modify-2' 'same' 'same' 'same' 'same' 'same' 'same' 'same' 'modify-1'
 'same' 'modify-2' 'same' 'modify-1' 'same' 'same' 'same' 'same' 'same'
 'same' 'modify-1' 'same' 'same' 'same' 'same' 'same' 'same' 'same' 'same'
 'same' 'same' 'same' 'same' 'same' 'same' 'same' 'same' 'same' 'same'
 'same' 'same' 'same' 'same' 'same' 'same' 'same' 'same' 'modify-3'
 'modify-1' 'modify-2' 'modify-2' 'modify-2' 'modify-2' 'modify-2'
 'modify-2' 'modify-2' 'modify-2' 'modify-2' 'same' 'same' 'same'
 'modify-1' 'same' 'same' 'same' 'same' 'same' 'same' 'same' 'same' 'same'
 'same' 'same' 'modify-1' 'same' 'same' 'same' 'same' 'same' 'same' 'same'
 'same' 'modify-1' 'same' 'same' 'modify-1' 'same' 'same' 'modify-2'
 'modify-1' 'modify-1' 'modify-1' 'modify-1' 'modify-1' 'same' 'modify-1'
 'modify-2' 'modify-2' 'modify-1' 'same' 'same' 'modify-1' 'same'
 'modify-1' 'modify-2' 'modify-1' 'modify-1' 'modify-1' 'same' 'modify-2'
 'same' 'same' 'same' 'modify-2' 'modify-1' 'modify-1' 'modify-1' 'same'
 'same' 'same' 'same' 'same' 'modify-2' 'modify-2' 'modify-2' 'modify-2'
 'modify-1' 'modify-1' 'modify-2' 'same' 'same' 'same' 'same' 'same'
 'same' 'same' 'same' 'same' 'modify-2' 'modify-2' 'same' 'same' 'same'
 'same' 'same' 'same' 'same' 'same' 'modify-1' 'modify-1' 'same' 'same'
 'same' 'same' 'modify-1' 'same' 'same' 'same' 'same' 'same' 'same'
 'modify-1' 'same' 'modify-1' 'same' 'modify-2' 'modify-1' 'same' 'same'
 'same' 'modify-2' 'same' 'same' 'same' 'modify-1' 'same' 'same'
 'modify-2' 'same' 'same' 'modify-1' 'modify-2' 'modify-1' 'modify-1'
 'modify-1' 'same' 'same' 'same' 'same' 'same' 'same' 'same' 'same' 'same'
 'same' 'same' 'same' 'same' 'same' 'same' 'same' 'modify-1' 'modify-1'
 'same' 'same' 'modify-1' 'modify-2' 'same' 'modify-1' 'same' 'same'
 'same' 'modify-1' 'same' 'same' 'modify-1' 'modify-1' 'same' 'modify-1'
 'same' 'same' 'modify-2' 'modify-3' 'modify-1' 'modify-2' 'same'
 'modify-1' 'same' 'same' 'same' 'same' 'modify-1' 'same' 'same'
 'modify-1' 'modify-3' 'modify-1' 'same' 'same' 'same' 'same']"
pro16_bce_p3_logs.csv,0.49635036496350365,OfflineSVM,,"['same' 'same' 'same' 'same' 'same' 'same' 'same' 'same' 'same' 'same'
 'same' 'same' 'same' 'same' 'same' 'same' 'same' 'same' 'same' 'same'
 'same' 'same' 'same' 'same' 'same' 'same' 'same' 'same' 'same' 'same'
 'same' 'same' 'same' 'same' 'same' 'same' 'same' 'same' 'same' 'same'
 'same' 'same' 'same' 'same' 'same' 'same' 'same' 'same' 'same' 'same'
 'same' 'same' 'same' 'same' 'same' 'same' 'same' 'same' 'same' 'same'
 'same' 'same' 'same' 'same' 'same' 'same' 'same' 'same' 'same' 'same'
 'same' 'same' 'same' 'same' 'same' 'same' 'same' 'same' 'same' 'same'
 'same' 'same' 'same' 'same' 'same' 'same' 'same' 'same' 'same' 'same'
 'same' 'same' 'same' 'same' 'same' 'same' 'same' 'same' 'same' 'same'
 'same' 'same' 'same' 'same' 'same' 'same' 'same' 'same' 'same' 'same'
 'same' 'same' 'same' 'same' 'same' 'same' 'same' 'same' 'same' 'same'
 'same' 'same' 'same' 'same' 'same' 'same' 'same' 'same' 'same' 'same'
 'same' 'same' 'same' 'same' 'same' 'same' 'same']","['modify-1' 'modify-1' 'same' 'modify-1' 'same' 'same' 'modify-1' 'same'
 'modify-1' 'same' 'same' 'modify-2' 'modify-1' 'same' 'same' 'same'
 'same' 'same' 'same' 'same' 'same' 'same' 'modify-2' 'modify-2'
 'modify-2' 'modify-2' 'same' 'same' 'same' 'same' 'same' 'same' 'same'
 'modify-2' 'modify-2' 'modify-2' 'modify-2' 'modify-1' 'same' 'modify-1'
 'same' 'same' 'modify-2' 'modify-2' 'modify-2' 'modify-2' 'modify-2'
 'modify-2' 'modify-2' 'modify-2' 'modify-2' 'modify-2' 'modify-2'
 'modify-2' 'same' 'same' 'same' 'same' 'same' 'same' 'modify-2'
 'modify-2' 'modify-2' 'modify-2' 'same' 'same' 'same' 'same' 'modify-1'
 'modify-1' 'modify-1' 'modify-1' 'same' 'same' 'same' 'same' 'modify-2'
 'modify-2' 'modify-2' 'modify-2' 'same' 'same' 'same' 'same' 'same'
 'same' 'modify-2' 'modify-2' 'modify-2' 'modify-2' 'modify-1' 'modify-1'
 'modify-1' 'modify-1' 'same' 'same' 'same' 'same' 'same' 'modify-2'
 'modify-2' 'modify-2' 'modify-2' 'same' 'same' 'same' 'same' 'same'
 'modify-2' 'modify-2' 'modify-2' 'modify-2' 'same' 'same' 'same'
 'modify-2' 'modify-2' 'modify-3' 'modify-3' 'modify-2' 'modify-2'
 'modify-2' 'modify-2' 'same' 'same' 'same' 'same' 'same' 'same'
 'modify-2' 'modify-2' 'modify-2' 'modify-2' 'same' 'same' 'same' 'same']"
stu33_bce_p3_logs.csv,0.41379310344827586,OfflineSVM,,"['same' 'same' 'modify-1' 'modify-1' 'same' 'same' 'modify-1' 'modify-1'
 'modify-1' 'modify-1' 'modify-1' 'modify-1' 'modify-1' 'modify-1'
 'modify-1' 'modify-1' 'modify-1' 'modify-1' 'modify-1' 'modify-1'
 'modify-1' 'modify-1' 'modify-1' 'modify-1' 'modify-1' 'modify-1'
 'modify-1' 'same' 'same' 'same' 'same' 'same' 'same' 'modify-1'
 'modify-1' 'modify-1' 'modify-1' 'modify-1' 'modify-1' 'modify-1'
 'modify-1' 'modify-1' 'modify-1' 'modify-1' 'modify-1' 'same' 'modify-1'
 'modify-1' 'modify-1' 'modify-1' 'modify-1' 'modify-1' 'modify-1'
 'modify-1' 'modify-1' 'modify-1' 'modify-1' 'modify-1' 'modify-1'
 'modify-1' 'modify-1' 'modify-1' 'modify-1' 'modify-1' 'same' 'same'
 'same' 'same' 'same' 'same' 'modify-1' 'same' 'same' 'same' 'same' 'same'
 'same' 'same' 'same' 'same' 'same' 'modify-1' 'modify-1' 'modify-1'
 'modify-1' 'modify-1' 'same']","['same' 'modify-1' 'same' 'modify-1' 'modify-1' 'modify-2' 'modify-2'
 'same' 'same' 'same' 'same' 'same' 'same' 'same' 'same' 'same' 'same'
 'same' 'same' 'same' 'same' 'same' 'same' 'same' 'modify-1' 'same'
 'modify-1' 'same' 'same' 'same' 'same' 'same' 'modify-1' 'same' 'same'
 'same' 'same' 'same' 'same' 'same' 'modify-1' 'same' 'modify-2'
 'modify-2' 'modify-1' 'modify-1' 'same' 'modify-1' 'same' 'modify-1'
 'modify-1' 'same' 'same' 'same' 'same' 'modify-1' 'modify-1' 'same'
 'modify-1' 'same' 'modify-1' 'modify-1' 'same' 'modify-1' 'same' 'same'
 'same' 'same' 'same' 'modify-1' 'modify-1' 'same' 'modify-1' 'same'
 'same' 'modify-1' 'modify-1' 'same' 'same' 'same' 'modify-1' 'modify-1'
 'same' 'modify-1' 'same' 'modify-1' 'same']"
pro7_bde_p3_logs.csv,0.7083333333333334,OfflineSVM,,"['modify-1' 'modify-1' 'modify-1' 'modify-1' 'same' 'modify-1' 'modify-1'
 'modify-1' 'modify-1' 'same' 'same' 'same' 'same' 'same' 'same' 'same'
 'same' 'same' 'same' 'same' 'same' 'same' 'same' 'same' 'same' 'same'
 'same' 'same' 'same' 'same' 'same' 'same' 'same' 'same' 'same' 'same'
 'same' 'same' 'same' 'same' 'same' 'same' 'same' 'same' 'same' 'same'
 'same' 'same' 'same' 'same' 'same' 'same' 'same' 'same' 'same' 'same'
 'same' 'same' 'same' 'same' 'same' 'same' 'same' 'same' 'same' 'same'
 'same' 'same' 'same' 'same' 'same' 'same' 'same' 'same' 'same' 'same'
 'same' 'same' 'same' 'same' 'same' 'same' 'same' 'same' 'same' 'same'
 'same' 'same' 'same' 'same' 'same' 'same' 'same' 'same' 'modify-1'
 'modify-1' 'same' 'same' 'same' 'same' 'same' 'same' 'same' 'same' 'same'
 'same' 'same' 'same' 'same' 'same' 'same' 'same' 'same' 'same' 'same'
 'same' 'same' 'same' 'same' 'same' 'same' 'same' 'same' 'same' 'same'
 'same' 'same' 'same' 'modify-1' 'modify-1' 'modify-1' 'modify-1'
 'modify-1' 'modify-1' 'same' 'modify-1' 'same' 'same' 'same' 'same'
 'same' 'same' 'same' 'same']","['modify-1' 'modify-1' 'same' 'modify-1' 'modify-1' 'same' 'modify-1'
 'same' 'modify-1' 'same' 'same' 'same' 'same' 'same' 'same' 'modify-1'
 'same' 'same' 'same' 'same' 'same' 'modify-1' 'same' 'same' 'same' 'same'
 'modify-1' 'modify-1' 'modify-1' 'same' 'same' 'same' 'same' 'modify-1'
 'same' 'same' 'same' 'same' 'same' 'same' 'modify-1' 'same' 'same' 'same'
 'same' 'same' 'modify-1' 'same' 'same' 'same' 'same' 'same' 'same' 'same'
 'same' 'same' 'same' 'same' 'same' 'same' 'same' 'same' 'same' 'same'
 'same' 'same' 'same' 'same' 'same' 'same' 'same' 'same' 'same' 'same'
 'modify-1' 'same' 'same' 'modify-1' 'same' 'same' 'same' 'same' 'same'
 'modify-1' 'modify-1' 'same' 'same' 'same' 'same' 'modify-1' 'same'
 'modify-1' 'modify-1' 'modify-1' 'same' 'modify-1' 'modify-1' 'modify-1'
 'modify-1' 'modify-1' 'same' 'same' 'modify-1' 'modify-1' 'same' 'same'
 'same' 'same' 'same' 'same' 'modify-2' 'modify-2' 'modify-2' 'modify-2'
 'same' 'same' 'same' 'same' 'same' 'same' 'same' 'modify-2' 'modify-2'
 'same' 'same' 'same' 'modify-2' 'modify-2' 'same' 'same' 'same' 'same'
 'same' 'modify-1' 'modify-1' 'modify-1' 'modify-1' 'same' 'same' 'same'
 'same' 'same' 'same' 'same']"
stu18_bde_p3_logs.csv,0.5053763440860215,OfflineSVM,,"['same' 'modify-1' 'modify-1' 'modify-1' 'modify-1' 'modify-1' 'modify-1'
 'modify-1' 'modify-1' 'modify-1' 'same' 'same' 'same' 'same' 'same'
 'same' 'same' 'same' 'same' 'same' 'same' 'same' 'same' 'same' 'same'
 'same' 'same' 'same' 'modify-1' 'same' 'modify-1' 'modify-1' 'same'
 'same' 'modify-1' 'modify-1' 'modify-1' 'modify-1' 'modify-1' 'modify-1'
 'modify-1' 'same' 'same' 'same' 'same' 'same' 'same' 'same' 'same' 'same'
 'same' 'same' 'modify-1' 'modify-1' 'same' 'modify-1' 'modify-1'
 'modify-1' 'modify-1' 'modify-1' 'modify-1' 'modify-1' 'modify-1'
 'modify-1' 'modify-1' 'modify-1' 'modify-1' 'modify-1' 'modify-1'
 'modify-1' 'modify-1' 'modify-1' 'modify-1' 'modify-1' 'same' 'same'
 'same' 'same' 'same' 'same' 'modify-1' 'modify-1' 'modify-1' 'modify-1'
 'modify-1' 'same' 'same' 'same' 'same' 'same' 'same' 'same' 'same']","['modify-1' 'same' 'same' 'same' 'same' 'modify-1' 'modify-1' 'same'
 'same' 'modify-1' 'same' 'same' 'same' 'same' 'modify-1' 'same' 'same'
 'same' 'same' 'same' 'same' 'modify-1' 'modify-1' 'modify-1' 'modify-1'
 'modify-1' 'modify-1' 'modify-2' 'modify-2' 'modify-1' 'same' 'modify-1'
 'same' 'modify-2' 'modify-2' 'same' 'same' 'same' 'same' 'modify-2'
 'modify-2' 'same' 'same' 'same' 'same' 'same' 'same' 'same' 'same' 'same'
 'same' 'modify-1' 'same' 'modify-1' 'modify-1' 'modify-2' 'modify-1'
 'modify-1' 'modify-1' 'modify-1' 'same' 'same' 'same' 'same' 'same'
 'same' 'same' 'same' 'same' 'same' 'same' 'same' 'same' 'modify-1' 'same'
 'same' 'same' 'same' 'same' 'modify-2' 'modify-1' 'modify-1' 'modify-1'
 'modify-2' 'modify-2' 'same' 'same' 'same' 'same' 'same' 'same' 'same'
 'same']"
pro19_bcf_p3_logs.csv,0.6053921568627451,OfflineSVM,,"['modify-1' 'modify-1' 'modify-1' 'modify-1' 'modify-1' 'modify-1'
 'modify-1' 'modify-1' 'same' 'modify-1' 'modify-1' 'modify-1' 'same'
 'same' 'same' 'same' 'same' 'same' 'same' 'same' 'same' 'same' 'same'
 'same' 'same' 'same' 'same' 'same' 'same' 'same' 'same' 'same' 'same'
 'same' 'modify-2' 'modify-2' 'modify-2' 'same' 'same' 'same' 'same'
 'same' 'same' 'same' 'same' 'same' 'same' 'same' 'same' 'same' 'same'
 'same' 'same' 'same' 'same' 'same' 'same' 'same' 'same' 'same' 'same'
 'same' 'same' 'same' 'same' 'same' 'same' 'same' 'same' 'same' 'same'
 'modify-2' 'modify-2' 'modify-2' 'modify-1' 'same' 'same' 'same' 'same'
 'same' 'same' 'same' 'same' 'same' 'same' 'same' 'same' 'same' 'same'
 'same' 'same' 'same' 'same' 'same' 'same' 'same' 'same' 'same' 'same'
 'same' 'same' 'same' 'modify-1' 'same' 'same' 'same' 'same' 'same' 'same'
 'same' 'same' 'same' 'same' 'same' 'same' 'same' 'same' 'same' 'same'
 'same' 'same' 'modify-1' 'modify-1' 'same' 'same' 'same' 'same' 'same'
 'same' 'same' 'same' 'same' 'same' 'same' 'same' 'same' 'same' 'same'
 'same' 'same' 'same' 'same' 'same' 'same' 'same' 'same' 'same' 'same'
 'same' 'same' 'same' 'same' 'same' 'same' 'same' 'same' 'same' 'same'
 'same' 'same' 'same' 'same' 'same' 'same' 'same' 'same' 'same' 'same'
 'same' 'same' 'same' 'same' 'same' 'same' 'same' 'same' 'same' 'same'
 'same' 'same' 'same' 'same' 'same' 'same' 'same' 'same' 'same' 'same'
 'same' 'same' 'same' 'same' 'same' 'same' 'same' 'same' 'same' 'same'
 'same' 'same' 'same' 'same' 'same' 'same' 'same' 'same' 'same' 'same'
 'same' 'same' 'same' 'same' 'same' 'same' 'same' 'same' 'same' 'same'
 'modify-1' 'modify-1' 'modify-1' 'same' 'same' 'same' 'same' 'same'
 'same' 'same' 'same' 'same' 'same' 'same' 'same' 'same' 'same' 'same'
 'same' 'same' 'same' 'same' 'same' 'same' 'same' 'same' 'same' 'same'
 'same' 'same' 'same' 'same' 'same' 'same' 'same' 'modify-1' 'modify-1'
 'modify-1' 'modify-1' 'modify-1' 'same' 'same' 'same' 'same' 'same'
 'same' 'same' 'modify-2' 'modify-2' 'same' 'same' 'same' 'same' 'same'
 'same' 'same' 'same' 'same' 'modify-2' 'same' 'modify-2' 'same' 'same'
 'same' 'same' 'modify-2' 'modify-2' 'same' 'same' 'modify-2' 'modify-1'
 'same' 'same' 'same' 'same' 'same' 'same' 'same' 'same' 'same' 'same'
 'same' 'same' 'same' 'same' 'same' 'same' 'same' 'same' 'same' 'same'
 'same' 'same' 'same' 'same' 'same' 'same' 'same' 'same' 'same' 'modify-1'
 'same' 'same' 'same' 'same' 'same' 'same' 'same' 'same' 'same' 'same'
 'same' 'same' 'same' 'same' 'same' 'same' 'same' 'same' 'same' 'same'
 'same' 'same' 'same' 'modify-2' 'modify-2' 'modify-2' 'modify-1' 'same'
 'same' 'same' 'same' 'same' 'same' 'same' 'same' 'same' 'same' 'modify-2'
 'modify-2' 'modify-2' 'modify-2' 'modify-2' 'modify-2' 'same' 'same'
 'same' 'same' 'same' 'same' 'same' 'same' 'same' 'same' 'same' 'same'
 'same' 'modify-1' 'modify-2' 'modify-2' 'modify-2' 'same' 'same' 'same'
 'modify-2' 'modify-1' 'same' 'same' 'same' 'same' 'same' 'same' 'same'
 'same' 'same' 'same' 'modify-1' 'modify-1' 'modify-1' 'modify-1'
 'modify-1' 'modify-1' 'modify-1' 'same' 'modify-1' 'same' 'same'
 'modify-1' 'same' 'same']","['same' 'same' 'same' 'same' 'same' 'modify-1' 'same' 'modify-2'
 'modify-2' 'same' 'same' 'modify-2' 'same' 'same' 'modify-1' 'same'
 'same' 'same' 'same' 'modify-2' 'same' 'same' 'same' 'same' 'same' 'same'
 'same' 'same' 'modify-2' 'modify-2' 'same' 'same' 'same' 'modify-3'
 'modify-1' 'modify-2' 'modify-2' 'same' 'same' 'same' 'same' 'same'
 'same' 'same' 'same' 'same' 'same' 'same' 'same' 'same' 'same' 'same'
 'same' 'same' 'same' 'same' 'same' 'same' 'same' 'same' 'same' 'same'
 'same' 'modify-2' 'same' 'same' 'modify-1' 'modify-1' 'modify-1'
 'modify-3' 'modify-2' 'modify-2' 'modify-1' 'modify-1' 'modify-2'
 'modify-1' 'same' 'same' 'same' 'same' 'same' 'modify-1' 'modify-1'
 'same' 'same' 'same' 'modify-1' 'same' 'modify-2' 'same' 'modify-2'
 'same' 'same' 'same' 'modify-2' 'same' 'same' 'modify-2' 'same' 'same'
 'same' 'modify-3' 'modify-1' 'same' 'same' 'same' 'same' 'modify-2'
 'same' 'modify-2' 'same' 'modify-2' 'same' 'modify-2' 'same' 'modify-2'
 'same' 'same' 'modify-2' 'same' 'modify-1' 'modify-1' 'modify-2'
 'modify-1' 'same' 'same' 'same' 'modify-2' 'same' 'modify-2' 'same'
 'same' 'modify-1' 'same' 'same' 'modify-2' 'same' 'modify-1' 'same'
 'modify-2' 'same' 'modify-2' 'same' 'same' 'modify-2' 'modify-2' 'same'
 'modify-1' 'same' 'same' 'modify-2' 'modify-1' 'same' 'same' 'modify-2'
 'modify-2' 'same' 'modify-2' 'same' 'same' 'same' 'modify-1' 'same'
 'modify-2' 'same' 'same' 'same' 'same' 'same' 'modify-1' 'same' 'same'
 'same' 'same' 'same' 'same' 'same' 'same' 'same' 'same' 'same' 'same'
 'same' 'same' 'same' 'same' 'same' 'same' 'same' 'same' 'same' 'same'
 'same' 'modify-2' 'modify-2' 'same' 'same' 'same' 'same' 'modify-2'
 'same' 'same' 'modify-1' 'same' 'modify-2' 'modify-1' 'modify-1'
 'modify-1' 'same' 'same' 'modify-2' 'same' 'modify-2' 'modify-2' 'same'
 'modify-1' 'same' 'modify-2' 'same' 'same' 'modify-1' 'modify-1' 'same'
 'same' 'same' 'same' 'same' 'modify-1' 'same' 'same' 'same' 'same' 'same'
 'same' 'same' 'same' 'same' 'modify-2' 'same' 'same' 'same' 'same' 'same'
 'same' 'modify-2' 'same' 'same' 'same' 'same' 'modify-2' 'same' 'same'
 'modify-2' 'same' 'same' 'same' 'same' 'modify-2' 'same' 'same' 'same'
 'same' 'same' 'modify-2' 'modify-3' 'modify-1' 'modify-2' 'same'
 'modify-2' 'modify-2' 'same' 'same' 'same' 'modify-1' 'same' 'modify-3'
 'modify-2' 'modify-3' 'modify-3' 'same' 'same' 'same' 'modify-2'
 'modify-2' 'modify-2' 'same' 'modify-2' 'modify-1' 'modify-2' 'same'
 'same' 'same' 'modify-1' 'same' 'modify-2' 'same' 'same' 'same' 'same'
 'same' 'same' 'modify-2' 'modify-2' 'modify-2' 'same' 'modify-2' 'same'
 'same' 'same' 'modify-2' 'modify-2' 'same' 'modify-2' 'modify-1' 'same'
 'same' 'same' 'modify-2' 'modify-1' 'same' 'same' 'same' 'same' 'same'
 'modify-2' 'same' 'same' 'same' 'same' 'modify-2' 'modify-3' 'modify-2'
 'same' 'same' 'modify-2' 'modify-2' 'modify-2' 'same' 'modify-1'
 'modify-1' 'same' 'modify-3' 'modify-2' 'modify-1' 'modify-1' 'modify-2'
 'same' 'same' 'same' 'same' 'modify-1' 'same' 'same' 'modify-2' 'same'
 'modify-3' 'modify-1' 'same' 'same' 'same' 'same' 'modify-2' 'same'
 'modify-2' 'same' 'modify-1' 'same' 'same' 'modify-1' 'same' 'modify-2'
 'modify-1' 'modify-2' 'modify-2' 'modify-3' 'modify-2' 'same' 'same'
 'modify-2' 'modify-2' 'same' 'modify-2' 'modify-2' 'modify-2' 'same'
 'same' 'modify-3' 'same' 'same' 'same' 'modify-3' 'same' 'same'
 'modify-3' 'same' 'same' 'same' 'same' 'same' 'modify-1' 'modify-2'
 'modify-3' 'modify-2' 'same' 'modify-2' 'modify-2' 'modify-3' 'same']"
pro30_bde_p3_logs.csv,0.7131782945736435,OfflineSVM,,"['same' 'same' 'same' 'same' 'same' 'same' 'same' 'same' 'same' 'same'
 'same' 'same' 'same' 'same' 'same' 'same' 'same' 'same' 'same' 'same'
 'same' 'same' 'same' 'same' 'same' 'same' 'same' 'same' 'same' 'same'
 'same' 'same' 'same' 'same' 'same' 'same' 'same' 'same' 'same' 'same'
 'same' 'same' 'same' 'same' 'same' 'same' 'same' 'same' 'same' 'same'
 'same' 'same' 'same' 'same' 'same' 'same' 'same' 'same' 'same' 'same'
 'same' 'same' 'same' 'same' 'same' 'same' 'same' 'same' 'same' 'same'
 'same' 'same' 'same' 'same' 'same' 'same' 'same' 'same' 'same' 'same'
 'same' 'same' 'same' 'same' 'same' 'same' 'same' 'same' 'same' 'same'
 'same' 'same' 'same' 'same' 'same' 'same' 'same' 'same' 'same' 'same'
 'same' 'same' 'same' 'same' 'same' 'same' 'same' 'same' 'same' 'same'
 'same' 'same' 'same' 'same' 'same' 'same' 'same' 'same' 'same' 'same'
 'same' 'same' 'same' 'same' 'same' 'same' 'same' 'same' 'same']","['same' 'same' 'modify-1' 'same' 'modify-1' 'modify-1' 'same' 'same'
 'same' 'same' 'same' 'same' 'same' 'same' 'same' 'same' 'modify-1' 'same'
 'modify-1' 'same' 'same' 'same' 'same' 'same' 'same' 'same' 'same'
 'modify-1' 'modify-1' 'modify-1' 'same' 'same' 'same' 'modify-1'
 'modify-1' 'same' 'modify-1' 'same' 'same' 'same' 'same' 'modify-1'
 'same' 'same' 'modify-1' 'modify-1' 'modify-1' 'same' 'same' 'modify-3'
 'modify-3' 'modify-2' 'modify-2' 'modify-2' 'modify-2' 'same' 'same'
 'same' 'same' 'same' 'same' 'same' 'same' 'same' 'same' 'same' 'same'
 'same' 'same' 'same' 'same' 'same' 'same' 'modify-1' 'same' 'same' 'same'
 'same' 'same' 'same' 'same' 'same' 'same' 'same' 'same' 'same' 'modify-1'
 'modify-1' 'modify-1' 'same' 'same' 'same' 'same' 'same' 'same' 'same'
 'modify-1' 'same' 'modify-1' 'same' 'same' 'same' 'modify-1' 'same'
 'modify-1' 'same' 'same' 'same' 'same' 'same' 'modify-1' 'same' 'same'
 'modify-1' 'modify-1' 'modify-1' 'modify-1' 'same' 'same' 'same'
 'modify-1' 'same' 'same' 'modify-1' 'same' 'same' 'modify-1' 'same'
 'same']"
pro11_bcf_p3_logs.csv,0.5175438596491229,OfflineSVM,,"['modify-2' 'modify-2' 'modify-2' 'modify-2' 'modify-2' 'modify-2'
 'modify-2' 'modify-2' 'modify-2' 'modify-2' 'modify-2' 'modify-2'
 'modify-2' 'modify-2' 'modify-2' 'modify-2' 'modify-2' 'modify-2'
 'modify-2' 'modify-2' 'modify-2' 'modify-2' 'modify-2' 'modify-2'
 'modify-2' 'modify-2' 'modify-2' 'modify-2' 'modify-2' 'same' 'modify-2'
 'modify-2' 'modify-2' 'modify-2' 'modify-2' 'same' 'same' 'same' 'same'
 'same' 'same' 'same' 'same' 'same' 'same' 'same' 'same' 'same' 'same'
 'same' 'same' 'modify-2' 'modify-2' 'modify-2' 'same' 'same' 'same'
 'same' 'same' 'same' 'same' 'same' 'same' 'same' 'same' 'same' 'same'
 'modify-2' 'modify-2' 'same' 'same' 'same' 'modify-2' 'modify-2' 'same'
 'same' 'same' 'modify-2' 'modify-2' 'same' 'same' 'same' 'same' 'same'
 'same' 'same' 'same' 'same' 'same' 'modify-2' 'modify-2' 'same' 'same'
 'same' 'same' 'same' 'same' 'same' 'same' 'same' 'same' 'modify-2'
 'modify-2' 'modify-2' 'modify-2' 'modify-2' 'modify-2' 'modify-2'
 'modify-2' 'same' 'same' 'same' 'same' 'same']","['same' 'modify-2' 'modify-2' 'modify-1' 'modify-2' 'modify-2' 'modify-3'
 'modify-3' 'same' 'same' 'same' 'same' 'same' 'same' 'same' 'same' 'same'
 'same' 'same' 'same' 'same' 'same' 'same' 'same' 'same' 'same' 'same'
 'same' 'modify-2' 'modify-2' 'same' 'same' 'same' 'same' 'modify-2'
 'same' 'same' 'same' 'modify-1' 'same' 'same' 'modify-1' 'same' 'same'
 'same' 'same' 'modify-3' 'same' 'same' 'same' 'modify-2' 'same' 'same'
 'modify-2' 'same' 'modify-2' 'same' 'same' 'same' 'same' 'same' 'same'
 'same' 'same' 'same' 'same' 'modify-3' 'modify-2' 'modify-2' 'same'
 'same' 'modify-2' 'same' 'modify-2' 'same' 'same' 'modify-2' 'same'
 'modify-2' 'same' 'same' 'same' 'same' 'modify-2' 'same' 'modify-2'
 'same' 'same' 'modify-2' 'modify-2' 'modify-2' 'same' 'modify-1' 'same'
 'same' 'modify-1' 'same' 'same' 'same' 'same' 'modify-2' 'same'
 'modify-1' 'same' 'same' 'same' 'same' 'same' 'modify-2' 'same' 'same'
 'modify-1' 'same' 'same']"
stu23_bdf_p3_logs.csv,0.34408602150537637,OfflineSVM,,"['same' 'same' 'same' 'same' 'same' 'same' 'same' 'modify-2' 'modify-2'
 'modify-2' 'same' 'same' 'same' 'same' 'same' 'same' 'same' 'same'
 'modify-2' 'modify-2' 'modify-2' 'modify-2' 'modify-2' 'modify-2'
 'modify-2' 'modify-2' 'modify-2' 'modify-2' 'modify-2' 'modify-2'
 'modify-2' 'modify-2' 'modify-2' 'modify-2' 'modify-2' 'modify-2'
 'modify-2' 'modify-2' 'modify-2' 'modify-2' 'modify-2' 'modify-2'
 'modify-2' 'modify-2' 'modify-2' 'same' 'same' 'same' 'modify-2'
 'modify-2' 'modify-2' 'modify-2' 'modify-2' 'modify-2' 'modify-2'
 'modify-2' 'modify-2' 'modify-2' 'modify-2' 'modify-2' 'modify-2'
 'modify-2' 'modify-2' 'modify-2' 'modify-2' 'same' 'modify-2' 'modify-2'
 'modify-2' 'modify-2' 'modify-2' 'modify-2' 'modify-2' 'same' 'modify-2'
 'modify-2' 'modify-2' 'same' 'same' 'same' 'same' 'same' 'same' 'same'
 'same' 'same' 'same' 'same' 'same' 'same' 'same' 'same' 'same']","['same' 'same' 'same' 'same' 'same' 'same' 'modify-1' 'same' 'modify-1'
 'modify-1' 'same' 'same' 'same' 'same' 'same' 'modify-1' 'same'
 'modify-1' 'same' 'modify-1' 'same' 'modify-2' 'same' 'modify-1' 'same'
 'modify-3' 'modify-1' 'same' 'same' 'same' 'same' 'same' 'modify-1'
 'modify-1' 'modify-1' 'modify-1' 'same' 'same' 'modify-1' 'same'
 'modify-1' 'same' 'modify-1' 'modify-1' 'modify-1' 'modify-1' 'modify-1'
 'modify-1' 'modify-1' 'modify-1' 'same' 'same' 'modify-1' 'modify-2'
 'modify-1' 'modify-1' 'modify-1' 'same' 'same' 'same' 'same' 'modify-1'
 'modify-2' 'modify-1' 'modify-1' 'modify-1' 'same' 'same' 'same' 'same'
 'same' 'modify-1' 'modify-2' 'modify-1' 'modify-2' 'modify-3' 'modify-1'
 'same' 'same' 'same' 'same' 'same' 'same' 'same' 'same' 'same' 'same'
 'same' 'same' 'modify-1' 'same' 'same' 'same']"
pro12_bdf_p3_logs.csv,0.4918032786885246,OfflineSVM,,"['same' 'same' 'same' 'same' 'same' 'same' 'same' 'same' 'same' 'same'
 'same' 'same' 'same' 'same' 'same' 'same' 'same' 'same' 'same' 'same'
 'same' 'same' 'same' 'same' 'same' 'same' 'same' 'same' 'same' 'same'
 'same' 'same' 'same' 'same' 'same' 'same' 'same' 'same' 'same' 'same'
 'same' 'same' 'same' 'same' 'same' 'same' 'same' 'same' 'same' 'same'
 'same' 'same' 'same' 'same' 'same' 'same' 'same' 'same' 'same' 'same'
 'same']","['same' 'same' 'modify-1' 'modify-1' 'same' 'modify-1' 'modify-1'
 'modify-1' 'same' 'same' 'same' 'modify-1' 'same' 'modify-2' 'modify-2'
 'same' 'same' 'same' 'same' 'modify-3' 'modify-3' 'modify-2' 'modify-2'
 'modify-1' 'modify-1' 'modify-1' 'modify-1' 'modify-1' 'modify-1' 'same'
 'same' 'modify-1' 'same' 'same' 'same' 'same' 'same' 'same' 'same'
 'modify-1' 'same' 'same' 'same' 'modify-1' 'modify-3' 'modify-2'
 'modify-1' 'modify-1' 'same' 'same' 'same' 'same' 'same' 'modify-2'
 'modify-2' 'modify-1' 'modify-1' 'modify-1' 'modify-1' 'same' 'same']"
stu5_bcf_p3_logs.csv,0.6228571428571429,OfflineSVM,,"['same' 'same' 'same' 'same' 'same' 'same' 'same' 'same' 'same' 'same'
 'same' 'same' 'same' 'same' 'same' 'same' 'same' 'same' 'same' 'same'
 'same' 'same' 'same' 'same' 'same' 'same' 'same' 'same' 'same' 'same'
 'same' 'same' 'same' 'same' 'same' 'same' 'same' 'same' 'same' 'same'
 'same' 'same' 'same' 'same' 'same' 'same' 'same' 'same' 'same' 'same'
 'same' 'same' 'same' 'same' 'same' 'same' 'same' 'same' 'same' 'same'
 'same' 'same' 'same' 'same' 'same' 'same' 'same' 'same' 'same' 'same'
 'same' 'same' 'same' 'same' 'same' 'same' 'same' 'same' 'same' 'same'
 'same' 'same' 'same' 'same' 'same' 'same' 'same' 'same' 'same' 'same'
 'same' 'same' 'same' 'same' 'same' 'same' 'same' 'same' 'same' 'same'
 'same' 'same' 'same' 'same' 'same' 'same' 'same' 'same' 'same' 'same'
 'same' 'same' 'same' 'same' 'same' 'same' 'same' 'same' 'same' 'same'
 'same' 'same' 'same' 'same' 'same' 'same' 'same' 'same' 'same' 'same'
 'same' 'same' 'same' 'same' 'same' 'same' 'same' 'same' 'same' 'same'
 'same' 'same' 'same' 'same' 'same' 'same' 'same' 'same' 'same' 'same'
 'same' 'same' 'same' 'same' 'same' 'same' 'same' 'same' 'same' 'same'
 'same' 'same' 'same' 'same' 'same' 'same' 'same' 'same' 'same' 'same'
 'same' 'same' 'same' 'same' 'same']","['modify-1' 'same' 'modify-2' 'modify-2' 'modify-2' 'modify-2' 'modify-2'
 'same' 'same' 'same' 'same' 'same' 'same' 'same' 'modify-3' 'modify-1'
 'modify-2' 'modify-2' 'modify-3' 'modify-2' 'same' 'same' 'same' 'same'
 'same' 'same' 'same' 'same' 'modify-1' 'same' 'same' 'same' 'modify-2'
 'same' 'modify-2' 'same' 'same' 'modify-2' 'same' 'same' 'same' 'same'
 'same' 'modify-3' 'same' 'same' 'same' 'same' 'same' 'same' 'same'
 'modify-2' 'same' 'same' 'same' 'same' 'same' 'modify-2' 'same' 'same'
 'modify-2' 'modify-1' 'modify-2' 'modify-2' 'modify-2' 'modify-2'
 'modify-1' 'modify-1' 'same' 'modify-2' 'same' 'same' 'same' 'modify-2'
 'same' 'same' 'modify-2' 'modify-1' 'modify-2' 'modify-2' 'same'
 'modify-2' 'same' 'same' 'modify-2' 'modify-2' 'same' 'same' 'same'
 'same' 'modify-2' 'same' 'same' 'same' 'same' 'same' 'same' 'same' 'same'
 'same' 'modify-1' 'same' 'same' 'same' 'same' 'same' 'same' 'same'
 'modify-2' 'modify-2' 'modify-2' 'same' 'modify-3' 'modify-1' 'same'
 'same' 'modify-2' 'same' 'same' 'same' 'modify-2' 'modify-3' 'modify-1'
 'modify-1' 'modify-1' 'same' 'same' 'same' 'modify-2' 'same' 'modify-3'
 'same' 'same' 'same' 'same' 'same' 'same' 'same' 'modify-1' 'same'
 'modify-1' 'same' 'same' 'same' 'modify-2' 'same' 'modify-1' 'modify-2'
 'modify-1' 'modify-1' 'modify-1' 'modify-2' 'modify-2' 'modify-2'
 'modify-2' 'same' 'same' 'same' 'same' 'same' 'same' 'modify-2'
 'modify-2' 'same' 'same' 'same' 'same' 'same' 'same' 'same' 'same' 'same'
 'same' 'modify-2' 'same']"
pro14_bdf_p3_logs.csv,0.5753424657534246,OfflineSVM,,"['same' 'same' 'same' 'same' 'modify-1' 'same' 'same' 'same' 'same' 'same'
 'same' 'same' 'same' 'same' 'same' 'same' 'same' 'same' 'same' 'same'
 'same' 'same' 'same' 'same' 'same' 'same' 'same' 'same' 'same' 'same'
 'same' 'same' 'same' 'same' 'same' 'same' 'same' 'same' 'same' 'same'
 'same' 'same' 'same' 'same' 'same' 'same' 'same' 'same' 'same' 'same'
 'same' 'same' 'same' 'same' 'same' 'same' 'same' 'same' 'same' 'same'
 'same' 'same' 'same' 'same' 'same' 'same' 'same' 'same' 'same' 'same'
 'same' 'same' 'same']","['same' 'modify-1' 'modify-1' 'modify-1' 'modify-1' 'modify-1' 'same'
 'modify-2' 'modify-1' 'same' 'modify-1' 'same' 'modify-2' 'same'
 'modify-1' 'same' 'modify-1' 'same' 'modify-2' 'same' 'same' 'modify-1'
 'modify-1' 'same' 'same' 'modify-1' 'modify-1' 'modify-2' 'modify-1'
 'same' 'modify-2' 'same' 'same' 'same' 'modify-2' 'same' 'modify-1'
 'same' 'modify-1' 'same' 'same' 'same' 'same' 'modify-1' 'same'
 'modify-1' 'same' 'same' 'same' 'same' 'same' 'same' 'modify-1' 'same'
 'same' 'same' 'same' 'same' 'same' 'modify-1' 'same' 'modify-1'
 'modify-1' 'same' 'modify-2' 'modify-2' 'same' 'modify-1' 'same' 'same'
 'modify-1' 'same' 'same']"
stu40_bdf_p3_logs.csv,0.6063829787234043,OfflineSVM,,"['same' 'same' 'same' 'same' 'same' 'same' 'same' 'same' 'same' 'same'
 'same' 'same' 'same' 'same' 'same' 'same' 'same' 'same' 'same' 'same'
 'same' 'same' 'same' 'same' 'same' 'same' 'same' 'same' 'same' 'same'
 'same' 'same' 'same' 'same' 'same' 'same' 'same' 'same' 'same' 'same'
 'same' 'same' 'same' 'same' 'same' 'same' 'same' 'same' 'same' 'same'
 'same' 'same' 'same' 'same' 'same' 'same' 'same' 'same' 'same' 'same'
 'same' 'same' 'same' 'same' 'same' 'same' 'modify-1' 'same' 'same' 'same'
 'same' 'same' 'same' 'same' 'modify-1' 'same' 'same' 'same' 'same' 'same'
 'same' 'same' 'same' 'same' 'same' 'same' 'same' 'same' 'same' 'same'
 'same' 'same' 'same' 'same' 'same' 'same' 'same' 'same' 'same' 'same'
 'same' 'same' 'same' 'same' 'same' 'same' 'same' 'same' 'same' 'same'
 'same' 'same' 'same' 'same' 'same' 'same' 'same' 'same' 'same' 'same'
 'same' 'same' 'same' 'same' 'same' 'same' 'same' 'same' 'same' 'same'
 'same' 'same' 'same' 'same' 'same' 'same' 'same' 'same' 'same' 'same'
 'same' 'same' 'same' 'same' 'same' 'same' 'same' 'same' 'same' 'same'
 'same' 'same' 'same' 'same' 'same' 'same' 'same' 'same' 'same' 'same'
 'same' 'same' 'same' 'same' 'same' 'same' 'same' 'same' 'same' 'same'
 'same' 'same' 'same' 'same' 'same' 'same' 'same' 'same' 'same' 'same'
 'same' 'same' 'same' 'same' 'same' 'same' 'same' 'same']","['modify-1' 'modify-1' 'modify-1' 'same' 'modify-1' 'modify-1' 'modify-1'
 'modify-1' 'modify-1' 'modify-1' 'modify-1' 'modify-1' 'same' 'same'
 'modify-1' 'modify-1' 'same' 'same' 'same' 'modify-1' 'modify-1'
 'modify-1' 'modify-1' 'same' 'same' 'same' 'same' 'same' 'same'
 'modify-2' 'modify-2' 'modify-2' 'modify-2' 'same' 'same' 'same' 'same'
 'same' 'modify-2' 'modify-2' 'modify-2' 'modify-2' 'modify-1' 'modify-1'
 'same' 'same' 'same' 'same' 'modify-1' 'modify-1' 'modify-1' 'modify-1'
 'modify-1' 'modify-1' 'modify-2' 'modify-2' 'modify-1' 'same' 'modify-1'
 'same' 'same' 'same' 'same' 'same' 'modify-2' 'modify-2' 'modify-2'
 'modify-2' 'same' 'same' 'same' 'modify-1' 'modify-3' 'modify-2'
 'modify-2' 'modify-2' 'same' 'same' 'same' 'same' 'same' 'same' 'same'
 'same' 'same' 'same' 'same' 'modify-2' 'modify-2' 'same' 'same' 'same'
 'same' 'same' 'modify-1' 'modify-1' 'modify-1' 'modify-1' 'same' 'same'
 'same' 'same' 'same' 'same' 'same' 'same' 'same' 'same' 'same' 'modify-2'
 'modify-2' 'modify-2' 'modify-2' 'same' 'same' 'same' 'same' 'same'
 'same' 'same' 'same' 'same' 'same' 'modify-2' 'modify-2' 'same' 'same'
 'same' 'same' 'same' 'same' 'same' 'same' 'same' 'same' 'same' 'same'
 'same' 'same' 'same' 'same' 'modify-2' 'modify-2' 'modify-1' 'modify-1'
 'modify-1' 'modify-1' 'same' 'same' 'modify-2' 'modify-2' 'modify-2'
 'modify-2' 'same' 'same' 'same' 'modify-1' 'modify-1' 'modify-1'
 'modify-1' 'same' 'same' 'modify-2' 'modify-2' 'same' 'same' 'same'
 'same' 'same' 'same' 'same' 'same' 'same' 'same' 'same' 'same' 'same'
 'same' 'same' 'same' 'same' 'same' 'same' 'same' 'same' 'same' 'same'
 'same']"
stu22_bde_p3_logs.csv,0.5424528301886793,OfflineSVM,,"['same' 'same' 'same' 'same' 'same' 'same' 'same' 'same' 'same' 'same'
 'same' 'same' 'same' 'same' 'same' 'same' 'same' 'same' 'same' 'same'
 'same' 'same' 'same' 'same' 'same' 'same' 'same' 'same' 'same' 'same'
 'same' 'same' 'same' 'same' 'same' 'same' 'same' 'same' 'same' 'same'
 'same' 'same' 'same' 'same' 'same' 'same' 'same' 'same' 'same' 'same'
 'same' 'same' 'same' 'same' 'same' 'same' 'same' 'same' 'same' 'same'
 'same' 'same' 'same' 'same' 'same' 'same' 'same' 'same' 'same' 'same'
 'same' 'same' 'same' 'same' 'same' 'same' 'same' 'same' 'same' 'same'
 'same' 'same' 'same' 'same' 'same' 'same' 'same' 'same' 'same' 'same'
 'same' 'same' 'same' 'same' 'same' 'same' 'same' 'same' 'same' 'same'
 'same' 'same' 'same' 'same' 'same' 'same' 'same' 'same' 'same' 'same'
 'same' 'same' 'same' 'same' 'same' 'same' 'same' 'same' 'same' 'same'
 'same' 'same' 'same' 'same' 'same' 'same' 'same' 'same' 'same' 'same'
 'same' 'same' 'same' 'same' 'same' 'same' 'same' 'same' 'same' 'same'
 'same' 'same' 'same' 'same' 'same' 'same' 'same' 'same' 'same' 'same'
 'same' 'same' 'same' 'same' 'same' 'same' 'same' 'same' 'same' 'same'
 'same' 'same' 'same' 'same' 'same' 'same' 'same' 'same' 'same' 'same'
 'same' 'same' 'same' 'same' 'same' 'same' 'same' 'same' 'same' 'same'
 'same' 'same' 'same' 'same' 'same' 'same' 'same' 'same' 'same' 'same'
 'same' 'same' 'same' 'same' 'same' 'same' 'same' 'same' 'same' 'same'
 'same' 'same' 'same' 'same' 'same' 'same' 'same' 'same' 'same' 'same'
 'same' 'same']","['modify-1' 'same' 'modify-1' 'modify-1' 'same' 'same' 'modify-1' 'same'
 'modify-1' 'same' 'modify-1' 'same' 'modify-1' 'modify-1' 'same' 'same'
 'same' 'same' 'same' 'modify-1' 'modify-1' 'same' 'same' 'same' 'same'
 'modify-1' 'same' 'same' 'same' 'modify-1' 'modify-1' 'same' 'same'
 'same' 'modify-1' 'same' 'same' 'same' 'same' 'same' 'same' 'same' 'same'
 'same' 'same' 'same' 'same' 'same' 'same' 'same' 'same' 'same' 'same'
 'same' 'same' 'same' 'same' 'same' 'same' 'same' 'modify-1' 'modify-1'
 'same' 'same' 'modify-1' 'same' 'modify-1' 'modify-1' 'same' 'modify-1'
 'same' 'modify-1' 'modify-1' 'modify-1' 'same' 'modify-1' 'same'
 'modify-1' 'same' 'modify-1' 'same' 'same' 'same' 'same' 'modify-1'
 'modify-1' 'same' 'modify-1' 'same' 'same' 'same' 'modify-1' 'modify-2'
 'modify-1' 'same' 'same' 'same' 'modify-1' 'same' 'same' 'modify-1'
 'same' 'same' 'same' 'modify-2' 'modify-2' 'modify-2' 'modify-2'
 'modify-1' 'modify-1' 'same' 'same' 'same' 'same' 'modify-1' 'same'
 'modify-2' 'modify-1' 'modify-1' 'modify-1' 'modify-1' 'modify-1' 'same'
 'same' 'same' 'modify-1' 'modify-1' 'modify-1' 'modify-1' 'same' 'same'
 'same' 'same' 'modify-1' 'modify-1' 'same' 'modify-1' 'modify-1' 'same'
 'same' 'same' 'same' 'modify-1' 'modify-1' 'same' 'modify-1' 'modify-1'
 'same' 'modify-1' 'modify-1' 'same' 'same' 'modify-1' 'modify-1' 'same'
 'modify-1' 'modify-1' 'modify-1' 'modify-2' 'modify-1' 'same' 'modify-1'
 'modify-1' 'same' 'same' 'modify-1' 'modify-1' 'modify-1' 'modify-1'
 'same' 'modify-2' 'modify-1' 'modify-1' 'modify-1' 'modify-1' 'modify-1'
 'same' 'same' 'same' 'same' 'modify-1' 'same' 'modify-2' 'modify-1'
 'modify-1' 'modify-1' 'modify-1' 'modify-1' 'same' 'modify-1' 'modify-1'
 'modify-1' 'modify-1' 'same' 'same' 'same' 'same' 'modify-2' 'modify-2'
 'same' 'same' 'same' 'modify-2' 'modify-2' 'same' 'same' 'modify-2'
 'modify-2' 'same' 'same' 'same' 'same']"
stu2_bce_p3_logs.csv,0.6057692307692307,OfflineSVM,,"['same' 'same' 'same' 'same' 'same' 'same' 'same' 'same' 'same' 'same'
 'same' 'same' 'same' 'same' 'same' 'same' 'same' 'same' 'same' 'same'
 'same' 'same' 'same' 'same' 'same' 'same' 'same' 'same' 'same' 'same'
 'same' 'same' 'same' 'same' 'same' 'same' 'same' 'same' 'same' 'same'
 'same' 'same' 'same' 'same' 'same' 'same' 'same' 'same' 'same' 'same'
 'same' 'same' 'same' 'same' 'same' 'same' 'same' 'same' 'same' 'same'
 'same' 'same' 'same' 'same' 'same' 'same' 'same' 'same' 'same' 'same'
 'same' 'same' 'same' 'same' 'same' 'same' 'same' 'same' 'same' 'same'
 'same' 'same' 'same' 'same' 'same' 'same' 'same' 'same' 'same' 'same'
 'same' 'same' 'same' 'same' 'same' 'same' 'same' 'same' 'same' 'same'
 'same' 'same' 'same' 'same']","['same' 'modify-1' 'modify-1' 'modify-2' 'modify-2' 'same' 'same' 'same'
 'same' 'same' 'same' 'same' 'same' 'same' 'same' 'same' 'same' 'same'
 'same' 'same' 'same' 'same' 'modify-3' 'modify-3' 'same' 'same' 'same'
 'modify-2' 'modify-2' 'same' 'same' 'modify-2' 'modify-2' 'same'
 'modify-3' 'modify-3' 'modify-2' 'modify-2' 'modify-2' 'modify-2' 'same'
 'same' 'same' 'same' 'same' 'same' 'same' 'modify-2' 'modify-2'
 'modify-2' 'modify-2' 'modify-2' 'modify-2' 'modify-1' 'same' 'same'
 'modify-1' 'modify-1' 'same' 'same' 'same' 'same' 'same' 'same' 'same'
 'modify-1' 'modify-1' 'modify-2' 'modify-2' 'same' 'same' 'same' 'same'
 'same' 'same' 'same' 'same' 'modify-1' 'modify-1' 'same' 'same' 'same'
 'same' 'same' 'modify-3' 'modify-3' 'modify-2' 'modify-2' 'modify-2'
 'modify-2' 'same' 'same' 'same' 'same' 'same' 'modify-1' 'modify-1'
 'same' 'same' 'same' 'modify-1' 'modify-1' 'same' 'same']"
pro2_bce_p3_logs.csv,0.36619718309859156,OfflineSVM,,"['modify-1' 'modify-1' 'modify-1' 'modify-1' 'modify-1' 'modify-1'
 'modify-1' 'modify-1' 'modify-1' 'modify-1' 'modify-1' 'modify-1'
 'modify-1' 'modify-1' 'modify-1' 'modify-1' 'modify-1' 'modify-1'
 'modify-1' 'modify-1' 'modify-1' 'modify-1' 'modify-1' 'modify-1'
 'modify-1' 'modify-1' 'modify-1' 'modify-1' 'modify-1' 'modify-1'
 'modify-1' 'modify-1' 'modify-1' 'same' 'same' 'modify-1' 'same' 'same'
 'same' 'same' 'same' 'same' 'same' 'same' 'modify-1' 'same' 'modify-1'
 'modify-1' 'modify-1' 'same' 'modify-1' 'same' 'modify-1' 'same'
 'modify-1' 'same' 'same' 'same' 'same' 'same' 'same' 'same' 'modify-1'
 'modify-1' 'same' 'same' 'modify-1' 'modify-1' 'modify-1' 'modify-1'
 'same' 'modify-1' 'same' 'same' 'same' 'same' 'same' 'same' 'same'
 'modify-1' 'modify-1' 'modify-1' 'modify-1' 'modify-1' 'modify-1'
 'modify-1' 'modify-1' 'modify-1' 'modify-1' 'modify-1' 'modify-1'
 'modify-1' 'modify-1' 'modify-1' 'modify-1' 'modify-1' 'modify-1'
 'modify-1' 'modify-1' 'modify-1' 'modify-1' 'modify-1' 'modify-1'
 'modify-1' 'modify-1' 'modify-1' 'modify-1' 'modify-1' 'modify-1' 'same'
 'modify-1' 'modify-1' 'modify-1' 'modify-1' 'same' 'modify-1' 'same'
 'same' 'same' 'modify-1' 'same' 'modify-1' 'modify-1' 'modify-1'
 'modify-1' 'modify-1' 'modify-1' 'modify-1' 'modify-1' 'modify-1'
 'modify-1' 'modify-1' 'modify-1' 'modify-1' 'modify-1' 'same' 'modify-1'
 'modify-1' 'modify-1' 'modify-1' 'modify-1' 'modify-1']","['same' 'modify-1' 'modify-1' 'same' 'same' 'same' 'same' 'modify-1'
 'same' 'same' 'same' 'same' 'modify-2' 'modify-1' 'modify-2' 'modify-2'
 'modify-1' 'modify-1' 'same' 'same' 'same' 'same' 'same' 'modify-2'
 'modify-2' 'modify-2' 'modify-2' 'modify-1' 'same' 'same' 'modify-1'
 'modify-2' 'modify-1' 'same' 'modify-3' 'modify-2' 'same' 'same' 'same'
 'same' 'same' 'same' 'same' 'modify-3' 'modify-3' 'modify-2' 'modify-2'
 'modify-2' 'modify-2' 'modify-1' 'modify-1' 'modify-2' 'modify-2'
 'modify-2' 'modify-2' 'same' 'same' 'same' 'same' 'same' 'same'
 'modify-1' 'same' 'modify-1' 'same' 'modify-1' 'same' 'same' 'same'
 'modify-1' 'modify-1' 'modify-1' 'same' 'same' 'same' 'same' 'same'
 'same' 'modify-2' 'modify-2' 'modify-2' 'modify-2' 'modify-1' 'modify-1'
 'same' 'modify-1' 'modify-1' 'same' 'same' 'modify-1' 'modify-1' 'same'
 'modify-2' 'modify-3' 'modify-2' 'modify-2' 'modify-2' 'modify-2'
 'modify-1' 'modify-1' 'modify-1' 'same' 'same' 'modify-1' 'modify-1'
 'modify-2' 'modify-2' 'modify-2' 'modify-2' 'modify-1' 'same' 'modify-1'
 'modify-2' 'modify-1' 'modify-1' 'modify-1' 'same' 'same' 'modify-3'
 'modify-2' 'modify-2' 'modify-2' 'same' 'same' 'same' 'same' 'modify-1'
 'same' 'same' 'same' 'modify-3' 'modify-2' 'modify-2' 'modify-2'
 'modify-1' 'modify-1' 'same' 'same' 'same' 'same' 'same' 'same']"
stu20_bdf_p3_logs.csv,0.6851851851851852,OfflineSVM,,"['modify-1' 'modify-1' 'modify-1' 'same' 'same' 'same' 'same' 'same'
 'same' 'same' 'same' 'same' 'same' 'same' 'same' 'same' 'same' 'same'
 'same' 'same' 'same' 'same' 'same' 'same' 'same' 'same' 'same' 'same'
 'same' 'same' 'same' 'same' 'same' 'same' 'same' 'same' 'same' 'same'
 'same' 'same' 'same' 'same' 'same' 'same' 'same' 'same' 'same' 'same'
 'same' 'same' 'same' 'same' 'same' 'same']","['same' 'modify-1' 'modify-1' 'same' 'same' 'same' 'same' 'same' 'same'
 'modify-1' 'modify-1' 'same' 'same' 'same' 'same' 'same' 'same'
 'modify-1' 'modify-1' 'same' 'same' 'modify-1' 'modify-1' 'modify-1'
 'same' 'same' 'modify-1' 'modify-1' 'modify-1' 'same' 'same' 'modify-1'
 'same' 'same' 'same' 'same' 'modify-1' 'same' 'modify-1' 'same' 'same'
 'same' 'modify-1' 'same' 'same' 'same' 'same' 'same' 'modify-1' 'same'
 'same' 'modify-1' 'same' 'same']"
stu16_bcf_p3_logs.csv,0.6612903225806451,OfflineSVM,,"['modify-1' 'modify-1' 'modify-1' 'same' 'same' 'same' 'same' 'same'
 'same' 'same' 'same' 'same' 'modify-1' 'same' 'same' 'same' 'same' 'same'
 'same' 'same' 'same' 'same' 'same' 'same' 'same' 'same' 'same' 'same'
 'same' 'same' 'same' 'same' 'same' 'same' 'same' 'same' 'same' 'same'
 'same' 'same' 'same' 'same' 'same' 'same' 'same' 'same' 'same' 'same'
 'same' 'same' 'same' 'modify-1' 'modify-1' 'modify-1' 'same' 'modify-1'
 'same' 'same' 'modify-1' 'modify-1' 'modify-1' 'modify-1' 'modify-1'
 'modify-1' 'same' 'same' 'same' 'same' 'modify-1' 'same' 'same' 'same'
 'same' 'same' 'same' 'modify-1' 'same' 'modify-1' 'same' 'same' 'same'
 'same' 'same' 'same' 'same' 'same' 'same' 'same' 'same' 'same' 'same'
 'same' 'same' 'same' 'same' 'same' 'same' 'same' 'same' 'same' 'same'
 'same' 'same' 'same' 'same' 'same' 'same' 'same' 'same' 'same' 'same'
 'same' 'same' 'same' 'same' 'same' 'same' 'same' 'same' 'same' 'same'
 'same' 'same' 'same' 'same' 'same' 'same' 'same' 'same' 'same' 'same'
 'modify-1' 'same' 'same' 'same' 'same' 'same' 'same' 'same' 'same' 'same'
 'same' 'same' 'same' 'same' 'same' 'same' 'same' 'same' 'same' 'same'
 'same' 'same' 'same' 'same' 'same' 'same' 'same' 'same' 'same' 'same'
 'same' 'modify-1' 'same' 'same' 'same' 'same' 'same' 'same' 'same' 'same'
 'same' 'same' 'same' 'same' 'same' 'same' 'same' 'same' 'same' 'same'
 'same' 'same' 'same' 'same' 'same']","['same' 'modify-1' 'modify-1' 'modify-2' 'modify-2' 'same' 'same' 'same'
 'same' 'modify-3' 'modify-3' 'modify-2' 'modify-2' 'modify-2' 'modify-2'
 'same' 'same' 'same' 'same' 'same' 'same' 'same' 'same' 'same' 'modify-2'
 'same' 'same' 'same' 'same' 'same' 'same' 'same' 'same' 'same' 'same'
 'same' 'same' 'same' 'same' 'modify-2' 'same' 'modify-2' 'same' 'same'
 'same' 'same' 'same' 'modify-2' 'same' 'same' 'modify-3' 'modify-2'
 'modify-1' 'modify-1' 'modify-1' 'modify-1' 'modify-1' 'modify-1'
 'modify-1' 'modify-1' 'same' 'same' 'same' 'modify-2' 'modify-2' 'same'
 'same' 'modify-3' 'modify-3' 'same' 'same' 'same' 'same' 'same'
 'modify-2' 'modify-2' 'modify-2' 'modify-2' 'same' 'same' 'same' 'same'
 'modify-2' 'modify-2' 'same' 'same' 'same' 'same' 'modify-2' 'same'
 'same' 'same' 'same' 'same' 'same' 'same' 'same' 'same' 'same' 'same'
 'same' 'same' 'same' 'same' 'same' 'same' 'same' 'same' 'same' 'same'
 'same' 'same' 'same' 'modify-1' 'same' 'modify-2' 'same' 'same'
 'modify-2' 'modify-2' 'same' 'same' 'same' 'same' 'same' 'same' 'same'
 'modify-2' 'modify-2' 'modify-2' 'modify-2' 'modify-2' 'modify-2'
 'modify-2' 'same' 'same' 'same' 'modify-2' 'modify-2' 'modify-2'
 'modify-2' 'same' 'same' 'same' 'same' 'same' 'same' 'same' 'same' 'same'
 'modify-2' 'same' 'modify-2' 'modify-2' 'modify-2' 'modify-2' 'modify-3'
 'modify-2' 'same' 'modify-2' 'modify-2' 'modify-2' 'modify-2' 'same'
 'modify-2' 'same' 'same' 'same' 'same' 'modify-2' 'same' 'same' 'same'
 'same' 'modify-2' 'same' 'same' 'same' 'same' 'same' 'same' 'modify-2'
 'same' 'same' 'modify-2' 'same']"
stu27_bdf_p3_logs.csv,0.4668094218415418,OfflineSVM,,"['modify-2' 'modify-2' 'modify-2' 'modify-2' 'modify-2' 'modify-2' 'same'
 'same' 'same' 'same' 'same' 'same' 'same' 'same' 'same' 'same' 'same'
 'modify-2' 'same' 'same' 'same' 'same' 'same' 'modify-2' 'modify-2'
 'modify-2' 'modify-2' 'same' 'modify-2' 'modify-2' 'same' 'same' 'same'
 'same' 'same' 'same' 'same' 'modify-2' 'same' 'same' 'same' 'same' 'same'
 'same' 'same' 'same' 'modify-2' 'modify-2' 'same' 'same' 'modify-2'
 'modify-2' 'same' 'modify-2' 'same' 'same' 'same' 'same' 'same' 'same'
 'same' 'same' 'same' 'modify-2' 'modify-2' 'modify-2' 'modify-2'
 'modify-2' 'modify-2' 'modify-2' 'modify-2' 'modify-1' 'modify-2'
 'modify-2' 'modify-2' 'modify-2' 'modify-2' 'modify-2' 'modify-2'
 'modify-2' 'same' 'same' 'same' 'modify-2' 'same' 'modify-2' 'modify-2'
 'modify-2' 'modify-2' 'modify-1' 'modify-2' 'modify-1' 'modify-2'
 'modify-1' 'modify-2' 'same' 'same' 'same' 'same' 'same' 'same' 'same'
 'same' 'same' 'same' 'same' 'same' 'same' 'same' 'same' 'same' 'same'
 'modify-2' 'modify-2' 'modify-2' 'same' 'same' 'same' 'modify-2'
 'modify-2' 'same' 'same' 'same' 'same' 'same' 'same' 'same' 'same' 'same'
 'same' 'same' 'same' 'modify-2' 'modify-2' 'modify-2' 'modify-2'
 'modify-2' 'modify-2' 'modify-2' 'modify-2' 'modify-2' 'same' 'same'
 'modify-2' 'modify-2' 'modify-2' 'modify-2' 'modify-2' 'modify-2' 'same'
 'same' 'same' 'same' 'same' 'same' 'same' 'same' 'same' 'same' 'same'
 'same' 'same' 'same' 'same' 'same' 'same' 'same' 'same' 'same' 'same'
 'same' 'same' 'same' 'same' 'modify-2' 'same' 'modify-2' 'modify-2'
 'modify-2' 'modify-2' 'modify-2' 'modify-2' 'modify-2' 'modify-2'
 'modify-2' 'modify-2' 'modify-2' 'modify-2' 'modify-2' 'modify-2'
 'modify-2' 'same' 'modify-2' 'modify-2' 'modify-2' 'modify-2' 'modify-2'
 'modify-2' 'modify-2' 'modify-2' 'modify-2' 'modify-2' 'same' 'same'
 'same' 'same' 'same' 'same' 'same' 'modify-2' 'same' 'modify-2'
 'modify-2' 'modify-1' 'modify-2' 'modify-2' 'modify-2' 'modify-2'
 'modify-2' 'modify-2' 'modify-2' 'modify-2' 'modify-2' 'modify-2'
 'modify-2' 'modify-2' 'modify-1' 'modify-2' 'modify-1' 'modify-2'
 'modify-2' 'modify-1' 'modify-1' 'modify-1' 'modify-2' 'modify-2'
 'modify-2' 'modify-2' 'modify-2' 'modify-2' 'modify-2' 'modify-2'
 'modify-2' 'modify-2' 'modify-2' 'modify-2' 'modify-2' 'modify-2'
 'modify-2' 'modify-2' 'modify-2' 'modify-2' 'modify-2' 'modify-2'
 'modify-2' 'modify-2' 'modify-2' 'modify-2' 'modify-2' 'same' 'modify-2'
 'same' 'same' 'same' 'same' 'same' 'same' 'same' 'same' 'same' 'same'
 'same' 'same' 'same' 'same' 'same' 'same' 'same' 'same' 'same' 'same'
 'same' 'same' 'same' 'same' 'same' 'same' 'same' 'same' 'same' 'modify-2'
 'same' 'same' 'same' 'modify-2' 'same' 'same' 'same' 'same' 'same' 'same'
 'same' 'same' 'same' 'same' 'same' 'same' 'same' 'same' 'modify-2' 'same'
 'same' 'same' 'same' 'same' 'same' 'same' 'same' 'same' 'same' 'same'
 'same' 'same' 'same' 'same' 'same' 'same' 'same' 'same' 'same' 'modify-2'
 'same' 'modify-2' 'same' 'same' 'modify-2' 'modify-2' 'modify-2'
 'modify-2' 'modify-2' 'same' 'same' 'modify-2' 'modify-2' 'modify-2'
 'modify-2' 'modify-2' 'modify-2' 'modify-2' 'modify-2' 'modify-2'
 'modify-2' 'modify-2' 'modify-2' 'modify-2' 'modify-2' 'modify-2'
 'modify-2' 'modify-2' 'same' 'same' 'same' 'same' 'same' 'same' 'same'
 'same' 'same' 'modify-2' 'modify-2' 'modify-2' 'modify-2' 'modify-2'
 'same' 'same' 'same' 'same' 'same' 'same' 'same' 'same' 'same' 'same'
 'same' 'same' 'same' 'same' 'same' 'same' 'same' 'same' 'same' 'same'
 'same' 'same' 'same' 'same' 'same' 'same' 'same' 'same' 'same' 'same'
 'same' 'modify-1' 'modify-2' 'modify-2' 'modify-2' 'modify-2' 'modify-2'
 'modify-2' 'modify-2' 'modify-2' 'modify-2' 'modify-2' 'modify-2'
 'modify-2' 'same' 'same' 'same' 'same' 'same' 'same' 'same' 'same' 'same'
 'same' 'same' 'same' 'same' 'same' 'modify-2' 'modify-2' 'modify-2'
 'modify-2' 'same' 'same' 'same' 'same' 'same' 'same' 'same' 'modify-2'
 'modify-2' 'same' 'same' 'same' 'same' 'same' 'same' 'same' 'same' 'same'
 'same' 'same' 'same' 'modify-2' 'same' 'same' 'same' 'same' 'same' 'same'
 'same' 'same' 'same' 'same']","['modify-1' 'same' 'same' 'modify-1' 'same' 'modify-2' 'same' 'same'
 'same' 'modify-1' 'modify-1' 'modify-1' 'same' 'same' 'same' 'modify-1'
 'modify-2' 'modify-2' 'modify-2' 'same' 'modify-1' 'modify-1' 'modify-3'
 'modify-1' 'same' 'same' 'modify-1' 'modify-1' 'same' 'modify-1'
 'modify-2' 'same' 'modify-1' 'same' 'same' 'same' 'modify-1' 'modify-2'
 'modify-2' 'same' 'same' 'same' 'same' 'same' 'modify-2' 'modify-2'
 'modify-2' 'modify-2' 'same' 'modify-2' 'modify-2' 'modify-1' 'modify-3'
 'modify-2' 'same' 'same' 'same' 'same' 'same' 'same' 'same' 'same'
 'modify-2' 'modify-2' 'same' 'same' 'same' 'same' 'same' 'same'
 'modify-2' 'modify-2' 'same' 'same' 'same' 'modify-2' 'modify-2' 'same'
 'same' 'modify-1' 'same' 'modify-1' 'modify-1' 'modify-1' 'modify-1'
 'modify-1' 'modify-2' 'modify-2' 'modify-2' 'modify-2' 'modify-2'
 'modify-2' 'modify-2' 'modify-2' 'modify-1' 'same' 'same' 'modify-1'
 'same' 'same' 'same' 'same' 'modify-2' 'modify-1' 'same' 'modify-1'
 'same' 'modify-1' 'modify-2' 'same' 'modify-2' 'modify-2' 'same' 'same'
 'modify-2' 'modify-2' 'modify-2' 'modify-2' 'modify-2' 'modify-2' 'same'
 'same' 'same' 'same' 'same' 'same' 'same' 'same' 'same' 'same' 'same'
 'modify-2' 'modify-2' 'same' 'same' 'same' 'same' 'same' 'same'
 'modify-2' 'modify-2' 'same' 'modify-2' 'modify-2' 'modify-1' 'modify-1'
 'modify-1' 'modify-1' 'modify-1' 'modify-1' 'modify-1' 'same' 'modify-1'
 'same' 'same' 'modify-1' 'same' 'modify-1' 'modify-2' 'same' 'modify-2'
 'same' 'same' 'same' 'modify-2' 'modify-1' 'modify-1' 'modify-1'
 'modify-1' 'modify-2' 'modify-1' 'modify-1' 'same' 'modify-3' 'modify-2'
 'modify-2' 'modify-2' 'same' 'same' 'same' 'same' 'same' 'same' 'same'
 'same' 'same' 'same' 'same' 'same' 'modify-2' 'modify-2' 'modify-2'
 'modify-2' 'same' 'same' 'same' 'same' 'same' 'same' 'same' 'modify-2'
 'modify-2' 'same' 'same' 'same' 'same' 'same' 'same' 'modify-3'
 'modify-3' 'modify-2' 'modify-2' 'modify-2' 'modify-2' 'same' 'same'
 'same' 'same' 'same' 'same' 'same' 'same' 'same' 'modify-2' 'modify-2'
 'modify-2' 'modify-2' 'modify-2' 'modify-2' 'modify-1' 'modify-1' 'same'
 'same' 'modify-1' 'modify-1' 'same' 'same' 'same' 'modify-2' 'modify-2'
 'same' 'same' 'same' 'same' 'same' 'same' 'same' 'same' 'modify-2'
 'modify-2' 'same' 'same' 'same' 'modify-1' 'same' 'same' 'same' 'same'
 'modify-1' 'modify-1' 'modify-2' 'same' 'same' 'same' 'same' 'modify-1'
 'same' 'modify-2' 'same' 'modify-1' 'same' 'same' 'modify-1' 'modify-2'
 'same' 'same' 'same' 'same' 'same' 'modify-2' 'same' 'modify-1' 'same'
 'same' 'same' 'modify-1' 'modify-1' 'modify-1' 'modify-2' 'modify-2'
 'modify-1' 'same' 'same' 'modify-1' 'modify-1' 'modify-1' 'same'
 'modify-3' 'modify-2' 'same' 'same' 'same' 'same' 'same' 'same'
 'modify-3' 'modify-3' 'modify-2' 'modify-2' 'modify-2' 'modify-2'
 'modify-1' 'same' 'modify-1' 'same' 'modify-1' 'same' 'same' 'same'
 'modify-1' 'same' 'same' 'same' 'modify-1' 'same' 'same' 'modify-1'
 'modify-1' 'same' 'modify-3' 'modify-3' 'modify-3' 'modify-3' 'modify-2'
 'modify-2' 'modify-2' 'modify-2' 'modify-2' 'modify-2' 'modify-1'
 'modify-1' 'modify-1' 'modify-2' 'modify-2' 'same' 'same' 'same' 'same'
 'same' 'same' 'same' 'same' 'same' 'same' 'same' 'same' 'same' 'same'
 'modify-1' 'modify-1' 'same' 'same' 'same' 'same' 'same' 'same' 'same'
 'modify-1' 'same' 'same' 'same' 'same' 'modify-1' 'modify-1' 'same'
 'same' 'same' 'same' 'same' 'modify-1' 'modify-1' 'same' 'same' 'same'
 'same' 'same' 'modify-1' 'same' 'same' 'same' 'same' 'same' 'same' 'same'
 'same' 'modify-1' 'same' 'same' 'same' 'modify-1' 'same' 'same' 'same'
 'modify-3' 'modify-2' 'same' 'same' 'same' 'same' 'same' 'same' 'same'
 'same' 'same' 'same' 'same' 'modify-1' 'modify-1' 'modify-1' 'same'
 'modify-1' 'same' 'same' 'same' 'same' 'same' 'same' 'modify-1'
 'modify-1' 'same' 'modify-1' 'same' 'same' 'modify-2' 'modify-2' 'same'
 'same' 'same' 'same' 'same' 'same' 'modify-2' 'modify-2' 'modify-2'
 'modify-2' 'same' 'same' 'same' 'same' 'same' 'same' 'same' 'same' 'same'
 'same' 'modify-2' 'modify-2' 'same' 'same' 'same' 'same' 'same' 'same'
 'same' 'same' 'same' 'same']"
pro1_bcf_p3_logs.csv,0.5714285714285714,OfflineSVM,,"['same' 'same' 'same' 'same' 'same' 'same' 'same' 'same' 'same' 'same'
 'same' 'same' 'same' 'same' 'same' 'same' 'same' 'same' 'same' 'same'
 'same' 'same' 'same' 'same' 'same' 'same' 'same' 'same' 'same' 'same'
 'same' 'same' 'same' 'same' 'same' 'same' 'same' 'same' 'same' 'same'
 'same' 'same' 'same' 'same' 'same' 'same' 'same' 'same' 'same' 'same'
 'same' 'same' 'same' 'same' 'same' 'same' 'same' 'same' 'same' 'same'
 'same' 'same' 'same' 'same' 'same' 'same' 'same' 'same' 'same' 'same'
 'same' 'same' 'same' 'same' 'same' 'same' 'same' 'same' 'same' 'same'
 'same' 'same' 'same' 'same' 'same' 'same' 'same' 'same' 'same' 'same'
 'same' 'same' 'same' 'same' 'same' 'same' 'same' 'same' 'same' 'same'
 'same' 'same' 'same' 'same' 'same' 'same' 'same' 'same' 'same' 'same'
 'same' 'same' 'same' 'same' 'same' 'same' 'same' 'same' 'same' 'same'
 'same' 'same' 'same' 'same' 'same' 'same' 'same' 'same' 'same' 'same'
 'same' 'same' 'same' 'same' 'same' 'same' 'same' 'same' 'same' 'same'
 'same' 'same' 'same' 'same' 'same' 'same' 'same' 'same' 'same' 'same'
 'same' 'same' 'same' 'same' 'same' 'same' 'same' 'same' 'same' 'same'
 'same']","['same' 'modify-1' 'same' 'modify-1' 'modify-1' 'same' 'same' 'modify-2'
 'modify-2' 'same' 'modify-2' 'modify-2' 'modify-2' 'modify-2' 'modify-2'
 'same' 'same' 'modify-2' 'modify-2' 'modify-3' 'modify-3' 'same'
 'modify-2' 'same' 'modify-3' 'modify-2' 'modify-2' 'modify-2' 'same'
 'modify-1' 'modify-2' 'modify-2' 'modify-2' 'same' 'same' 'same' 'same'
 'same' 'same' 'same' 'same' 'modify-2' 'same' 'modify-1' 'same'
 'modify-1' 'modify-1' 'same' 'modify-3' 'same' 'same' 'same' 'modify-2'
 'modify-3' 'same' 'modify-1' 'same' 'same' 'modify-1' 'same' 'same'
 'modify-2' 'modify-2' 'same' 'modify-2' 'modify-2' 'modify-1' 'modify-1'
 'same' 'modify-1' 'same' 'same' 'same' 'same' 'same' 'modify-2' 'same'
 'same' 'same' 'same' 'same' 'same' 'same' 'same' 'same' 'same' 'same'
 'same' 'modify-2' 'same' 'modify-2' 'same' 'same' 'same' 'same'
 'modify-1' 'same' 'same' 'same' 'same' 'modify-2' 'modify-2' 'same'
 'modify-2' 'same' 'modify-1' 'modify-2' 'modify-1' 'same' 'same' 'same'
 'modify-2' 'same' 'modify-1' 'modify-1' 'same' 'same' 'same' 'modify-1'
 'same' 'same' 'modify-2' 'same' 'same' 'same' 'same' 'modify-1' 'same'
 'same' 'modify-2' 'modify-2' 'modify-2' 'modify-2' 'modify-3' 'modify-1'
 'same' 'modify-2' 'modify-2' 'same' 'same' 'same' 'same' 'same'
 'modify-2' 'same' 'modify-2' 'same' 'modify-2' 'modify-2' 'modify-2'
 'modify-2' 'same' 'same' 'same' 'same' 'same' 'same' 'same' 'same' 'same'
 'same']"
stu19_bde_p3_logs.csv,0.5882352941176471,OfflineSVM,,"['same' 'same' 'same' 'same' 'same' 'same' 'same' 'same' 'same' 'same'
 'same' 'same' 'same' 'same' 'same' 'same' 'same' 'same' 'same' 'same'
 'same' 'same' 'same' 'same' 'same' 'same' 'same' 'same' 'same' 'same'
 'same' 'same' 'same' 'same' 'same' 'same' 'same' 'same' 'same' 'same'
 'same' 'same' 'same' 'same' 'same' 'same' 'same' 'same' 'same' 'same'
 'same']","['same' 'modify-1' 'same' 'modify-1' 'modify-1' 'modify-2' 'modify-2'
 'modify-2' 'modify-2' 'same' 'same' 'same' 'same' 'modify-1' 'same'
 'same' 'modify-1' 'modify-1' 'modify-1' 'same' 'same' 'modify-1'
 'modify-1' 'modify-3' 'modify-2' 'same' 'same' 'same' 'same' 'same'
 'same' 'same' 'same' 'same' 'same' 'same' 'same' 'modify-3' 'modify-2'
 'modify-2' 'modify-2' 'modify-2' 'modify-2' 'same' 'same' 'same' 'same'
 'same' 'same' 'same' 'same']"
pro26_bde_p3_logs.csv,0.3819444444444444,OfflineSVM,,"['same' 'modify-1' 'modify-1' 'modify-1' 'modify-1' 'modify-1' 'modify-1'
 'modify-1' 'modify-1' 'modify-1' 'modify-1' 'modify-1' 'modify-1'
 'modify-1' 'modify-1' 'modify-1' 'modify-1' 'same' 'modify-1' 'modify-1'
 'modify-1' 'modify-1' 'modify-1' 'modify-1' 'modify-1' 'modify-1'
 'modify-1' 'modify-1' 'modify-1' 'modify-1' 'modify-1' 'modify-1'
 'modify-1' 'same' 'same' 'modify-1' 'same' 'same' 'modify-1' 'modify-1'
 'modify-1' 'modify-1' 'modify-1' 'modify-1' 'modify-1' 'modify-1' 'same'
 'same' 'modify-1' 'modify-1' 'modify-1' 'same' 'modify-1' 'modify-1'
 'modify-1' 'modify-1' 'modify-1' 'modify-1' 'modify-1' 'modify-1'
 'modify-1' 'modify-1' 'modify-1' 'modify-1' 'modify-1' 'modify-1'
 'modify-1' 'same' 'modify-1' 'same' 'same' 'modify-1' 'modify-1'
 'modify-1' 'modify-1' 'modify-1' 'modify-1' 'modify-1' 'modify-1'
 'modify-1' 'modify-1' 'modify-1' 'modify-1' 'modify-1' 'same' 'same'
 'same' 'same' 'same' 'modify-1' 'modify-1' 'modify-1' 'modify-1'
 'modify-1' 'modify-1' 'modify-1' 'modify-1' 'modify-1' 'modify-1'
 'modify-1' 'modify-1' 'modify-1' 'modify-1' 'modify-1' 'modify-1'
 'modify-1' 'modify-1' 'modify-1' 'modify-1' 'modify-1' 'modify-1'
 'modify-1' 'modify-1' 'modify-1' 'modify-1' 'modify-1' 'same' 'same'
 'same' 'same' 'same' 'same' 'same' 'modify-1' 'modify-1' 'modify-1'
 'modify-1' 'modify-1' 'modify-1' 'modify-1' 'modify-1' 'modify-1'
 'modify-1' 'modify-1' 'modify-1' 'modify-1' 'modify-1' 'modify-1' 'same'
 'same' 'same' 'same' 'same' 'same']","['modify-1' 'same' 'modify-1' 'modify-1' 'same' 'modify-1' 'modify-1'
 'same' 'modify-1' 'modify-1' 'modify-1' 'modify-1' 'modify-1' 'same'
 'same' 'same' 'modify-1' 'modify-1' 'same' 'same' 'same' 'modify-1'
 'modify-1' 'same' 'same' 'same' 'same' 'same' 'same' 'modify-1'
 'modify-1' 'same' 'modify-1' 'same' 'modify-3' 'modify-3' 'same'
 'modify-2' 'modify-2' 'modify-2' 'modify-2' 'same' 'same' 'same'
 'modify-1' 'modify-1' 'same' 'modify-1' 'same' 'same' 'modify-1'
 'modify-3' 'modify-2' 'modify-2' 'modify-2' 'same' 'same' 'same' 'same'
 'same' 'same' 'same' 'same' 'same' 'modify-1' 'modify-1' 'modify-3'
 'modify-1' 'modify-1' 'modify-1' 'modify-3' 'same' 'same' 'same' 'same'
 'same' 'same' 'same' 'modify-1' 'modify-1' 'modify-1' 'modify-1'
 'modify-2' 'modify-2' 'same' 'same' 'same' 'same' 'modify-2' 'modify-2'
 'modify-2' 'modify-2' 'same' 'same' 'same' 'same' 'same' 'same'
 'modify-2' 'modify-2' 'same' 'same' 'modify-1' 'modify-1' 'modify-1'
 'modify-1' 'modify-1' 'modify-1' 'modify-1' 'modify-1' 'modify-2'
 'modify-2' 'modify-2' 'modify-2' 'modify-2' 'modify-2' 'same' 'same'
 'same' 'same' 'same' 'same' 'modify-1' 'modify-1' 'same' 'same' 'same'
 'modify-1' 'modify-2' 'same' 'modify-1' 'modify-1' 'modify-1' 'modify-1'
 'same' 'same' 'same' 'modify-1' 'modify-1' 'modify-1' 'modify-1' 'same'
 'modify-1' 'same']"
pro6_bde_p3_logs.csv,0.05555555555555555,OfflineSVM,,"['modify-2' 'modify-2' 'modify-2' 'modify-2' 'modify-2' 'modify-2'
 'modify-2' 'modify-2' 'modify-2' 'modify-2' 'modify-2' 'modify-2'
 'modify-2' 'modify-2' 'modify-2' 'modify-2' 'modify-2' 'modify-2'
 'modify-2' 'modify-2' 'modify-2' 'modify-2' 'modify-2' 'modify-2'
 'modify-2' 'modify-2' 'modify-2' 'modify-2' 'modify-2' 'modify-2' 'same'
 'same' 'same' 'same' 'modify-2' 'modify-2' 'modify-2' 'modify-2'
 'modify-2' 'modify-2' 'modify-2' 'modify-2' 'modify-2' 'modify-2'
 'modify-2' 'modify-2' 'modify-2' 'modify-2' 'modify-2' 'modify-2'
 'modify-2' 'modify-2' 'modify-2' 'modify-2']","['same' 'same' 'same' 'modify-1' 'same' 'modify-1' 'same' 'same' 'same'
 'modify-1' 'modify-1' 'modify-1' 'same' 'same' 'modify-1' 'modify-1'
 'modify-1' 'same' 'same' 'same' 'same' 'modify-1' 'modify-1' 'same'
 'same' 'same' 'same' 'same' 'same' 'modify-1' 'same' 'same' 'same'
 'modify-1' 'same' 'modify-1' 'same' 'same' 'modify-1' 'modify-1' 'same'
 'same' 'same' 'modify-1' 'same' 'same' 'modify-1' 'same' 'modify-1'
 'same' 'modify-1' 'modify-1' 'same' 'same']"
stu32_bce_p3_logs.csv,0.1278538812785388,OfflineSVM,,"['modify-2' 'modify-2' 'modify-2' 'modify-2' 'modify-2' 'modify-2'
 'modify-2' 'modify-2' 'modify-2' 'modify-2' 'modify-2' 'modify-2'
 'modify-2' 'modify-2' 'modify-2' 'modify-2' 'modify-2' 'modify-2'
 'modify-2' 'modify-2' 'same' 'modify-2' 'modify-2' 'modify-2' 'modify-2'
 'modify-2' 'modify-2' 'modify-2' 'modify-2' 'modify-2' 'modify-2'
 'modify-2' 'modify-2' 'same' 'same' 'same' 'modify-2' 'modify-2'
 'modify-2' 'modify-2' 'modify-2' 'modify-2' 'modify-2' 'modify-2'
 'modify-2' 'modify-2' 'modify-2' 'modify-2' 'modify-2' 'modify-2'
 'modify-2' 'modify-2' 'modify-2' 'modify-2' 'modify-2' 'modify-2'
 'modify-2' 'modify-2' 'modify-2' 'modify-2' 'modify-2' 'modify-2'
 'modify-2' 'modify-2' 'modify-2' 'modify-2' 'modify-2' 'modify-2'
 'modify-2' 'modify-2' 'modify-2' 'modify-2' 'modify-2' 'modify-2'
 'modify-2' 'modify-2' 'modify-2' 'modify-2' 'modify-2' 'modify-2'
 'modify-2' 'modify-2' 'modify-2' 'modify-2' 'modify-2' 'modify-2'
 'modify-2' 'modify-2' 'modify-2' 'modify-2' 'modify-2' 'modify-2'
 'modify-2' 'modify-2' 'modify-2' 'modify-2' 'modify-2' 'modify-2'
 'modify-2' 'modify-2' 'modify-2' 'modify-2' 'same' 'same' 'same' 'same'
 'same' 'same' 'same' 'modify-2' 'modify-2' 'modify-2' 'modify-2'
 'modify-2' 'modify-2' 'modify-2' 'modify-2' 'modify-2' 'modify-2'
 'modify-2' 'modify-2' 'modify-2' 'modify-2' 'modify-2' 'modify-2'
 'modify-2' 'modify-2' 'modify-2' 'modify-2' 'modify-2' 'modify-2'
 'modify-2' 'modify-2' 'modify-2' 'modify-2' 'modify-2' 'modify-2'
 'modify-2' 'modify-2' 'modify-2' 'modify-2' 'modify-2' 'modify-2'
 'modify-2' 'modify-2' 'modify-2' 'modify-2' 'modify-2' 'modify-2'
 'modify-2' 'modify-2' 'modify-2' 'modify-2' 'modify-2' 'modify-2'
 'modify-2' 'modify-2' 'modify-2' 'modify-2' 'modify-2' 'modify-2'
 'modify-2' 'modify-2' 'modify-2' 'modify-2' 'modify-2' 'modify-2'
 'modify-2' 'modify-2' 'modify-2' 'modify-2' 'modify-2' 'modify-2'
 'modify-2' 'modify-2' 'modify-2' 'modify-2' 'modify-2' 'modify-2'
 'modify-2' 'modify-2' 'modify-2' 'modify-2' 'modify-2' 'modify-2'
 'modify-2' 'modify-2' 'modify-2' 'modify-2' 'modify-2' 'modify-2'
 'modify-2' 'modify-2' 'modify-2' 'modify-2' 'modify-2' 'modify-2'
 'modify-2' 'modify-2' 'modify-2' 'modify-2' 'modify-2' 'modify-2'
 'modify-2' 'modify-2' 'modify-2' 'modify-2' 'modify-2' 'modify-2'
 'modify-2' 'modify-2' 'modify-2' 'modify-2' 'modify-2' 'modify-2'
 'modify-2' 'modify-2' 'modify-2' 'modify-2']","['modify-1' 'modify-1' 'same' 'modify-1' 'same' 'modify-1' 'same' 'same'
 'modify-2' 'modify-1' 'modify-1' 'modify-1' 'modify-1' 'modify-1' 'same'
 'same' 'same' 'same' 'same' 'modify-1' 'modify-1' 'same' 'same' 'same'
 'same' 'same' 'same' 'same' 'same' 'same' 'same' 'modify-1' 'modify-1'
 'same' 'same' 'modify-1' 'same' 'same' 'same' 'same' 'modify-1'
 'modify-1' 'modify-1' 'same' 'modify-1' 'modify-1' 'modify-1' 'modify-1'
 'modify-1' 'modify-1' 'same' 'same' 'modify-1' 'modify-1' 'modify-1'
 'modify-1' 'modify-1' 'modify-1' 'same' 'same' 'same' 'same' 'same'
 'same' 'same' 'same' 'same' 'modify-1' 'same' 'same' 'same' 'same' 'same'
 'modify-1' 'modify-1' 'same' 'same' 'same' 'modify-2' 'modify-1'
 'modify-1' 'modify-1' 'same' 'same' 'modify-1' 'modify-1' 'modify-1'
 'modify-1' 'same' 'same' 'modify-1' 'same' 'same' 'same' 'same'
 'modify-1' 'same' 'same' 'same' 'modify-1' 'same' 'modify-1' 'same'
 'same' 'same' 'same' 'same' 'same' 'modify-1' 'same' 'modify-1'
 'modify-3' 'modify-2' 'same' 'same' 'same' 'same' 'same' 'same' 'same'
 'modify-1' 'same' 'same' 'modify-1' 'same' 'modify-1' 'modify-1' 'same'
 'same' 'same' 'same' 'same' 'same' 'same' 'same' 'same' 'same' 'same'
 'same' 'same' 'same' 'modify-1' 'modify-1' 'modify-2' 'modify-3' 'same'
 'modify-2' 'modify-2' 'modify-1' 'modify-1' 'modify-1' 'modify-1' 'same'
 'same' 'same' 'same' 'modify-1' 'modify-1' 'modify-1' 'modify-1' 'same'
 'same' 'same' 'same' 'modify-1' 'modify-2' 'modify-1' 'modify-1'
 'modify-1' 'modify-1' 'modify-1' 'same' 'same' 'same' 'same' 'same'
 'same' 'same' 'modify-1' 'modify-2' 'modify-1' 'modify-1' 'modify-1'
 'same' 'same' 'same' 'same' 'modify-2' 'modify-2' 'modify-2' 'modify-2'
 'same' 'modify-2' 'modify-2' 'modify-1' 'same' 'modify-1' 'same' 'same'
 'modify-1' 'same' 'same' 'modify-1' 'modify-1' 'modify-1' 'same' 'same'
 'same' 'modify-2' 'modify-2' 'same' 'modify-2' 'modify-2' 'same' 'same'
 'same' 'modify-2' 'modify-2' 'same']"
