data/zheng/processed_interactions_p2/pro23_acf_p2_logs.csv,0.6116504854368932,defaultdict(None, {'modify-1': (19, 0.15789473684210525), 'same': (61, 0.9836065573770492), 'modify-2': (20, 0.0), 'modify-3': (3, 0.0)}),['modify-1', 'same', 'same', 'same', 'same', 'same', 'same', 'same', 'same', 'same', 'same', 'same', 'same', 'same', 'same', 'same', 'same', 'same', 'same', 'same', 'same', 'same', 'same', 'same', 'modify-1', 'modify-3', 'same', 'same', 'same', 'same', 'same', 'same', 'same', 'same', 'same', 'same', 'same', 'same', 'same', 'same', 'same', 'same', 'same', 'same', 'same', 'same', 'same', 'same', 'same', 'modify-1', 'same', 'same', 'same', 'same', 'same', 'same', 'same', 'same', 'same', 'same', 'same', 'same', 'same', 'same', 'same', 'same', 'modify-1', 'same', 'same', 'same', 'same', 'same', 'same', 'same', 'same', 'same', 'same', 'same', 'same', 'same', 'same', 'same', 'same', 'same', 'same', 'same', 'same', 'same', 'same', 'same', 'same', 'same', 'same', 'same', 'same', 'modify-1', 'same', 'same', 'same', 'same', 'same', 'same', 'same'],['modify-1', 'same', 'same', 'same', 'same', 'same', 'same', 'same', 'modify-1', 'modify-1', 'modify-1', 'modify-1', 'modify-1', 'modify-1', 'modify-1', 'modify-1', 'modify-2', 'same', 'same', 'modify-2', 'same', 'same', 'same', 'modify-3', 'modify-1', 'modify-2', 'same', 'modify-2', 'same', 'same', 'same', 'modify-2', 'same', 'modify-3', 'modify-2', 'modify-2', 'same', 'same', 'modify-2', 'same', 'same', 'same', 'same', 'modify-2', 'same', 'modify-2', 'same', 'same', 'same', 'same', 'same', 'same', 'same', 'same', 'same', 'same', 'same', 'same', 'same', 'same', 'same', 'same', 'modify-2', 'modify-2', 'modify-1', 'modify-1', 'modify-1', 'modify-1', 'same', 'same', 'same', 'same', 'same', 'same', 'same', 'same', 'same', 'same', 'same', 'same', 'modify-2', 'modify-2', 'same', 'same', 'same', 'modify-2', 'same', 'same', 'modify-1', 'modify-1', 'modify-1', 'modify-3', 'modify-2', 'modify-1', 'modify-1', 'modify-2', 'same', 'modify-2', 'same', 'modify-2', 'modify-2', 'same', 'same']
data/zheng/processed_interactions_p2/pro15_ade_p2_logs.csv,0.68,defaultdict(None, {'same': (33, 1.0), 'modify-1': (9, 0.0), 'modify-2': (7, 0.14285714285714285), 'modify-3': (1, 0.0)}),['same', 'modify-3', 'modify-2', 'same', 'same', 'same', 'same', 'same', 'same', 'same', 'same', 'same', 'same', 'same', 'same', 'modify-1', 'same', 'modify-1', 'same', 'modify-2', 'same', 'same', 'same', 'same', 'same', 'same', 'same', 'same', 'same', 'same', 'same', 'same', 'same', 'same', 'same', 'same', 'same', 'same', 'same', 'same', 'same', 'same', 'same', 'same', 'same', 'same', 'same', 'same', 'same', 'same'],['same', 'modify-1', 'modify-1', 'modify-1', 'same', 'modify-1', 'modify-1', 'same', 'same', 'same', 'same', 'same', 'same', 'same', 'modify-2', 'modify-2', 'modify-2', 'modify-2', 'modify-2', 'modify-2', 'same', 'same', 'same', 'same', 'same', 'same', 'same', 'same', 'same', 'same', 'same', 'modify-1', 'modify-2', 'modify-3', 'same', 'same', 'same', 'same', 'same', 'same', 'same', 'modify-1', 'same', 'modify-1', 'same', 'modify-1', 'same', 'same', 'same', 'same']
data/zheng/processed_interactions_p2/pro17_ace_p2_logs.csv,0.6236559139784946,defaultdict(None, {'same': (65, 0.8), 'modify-1': (26, 0.23076923076923078), 'modify-2': (2, 0.0)}),['modify-1', 'modify-1', 'same', 'same', 'same', 'same', 'same', 'same', 'same', 'same', 'same', 'same', 'modify-1', 'same', 'same', 'same', 'same', 'same', 'same', 'same', 'same', 'same', 'same', 'same', 'same', 'same', 'same', 'same', 'same', 'same', 'same', 'modify-2', 'same', 'same', 'same', 'same', 'same', 'same', 'same', 'same', 'same', 'same', 'same', 'same', 'same', 'modify-1', 'same', 'same', 'same', 'same', 'same', 'same', 'same', 'same', 'same', 'same', 'modify-1', 'modify-1', 'same', 'same', 'modify-2', 'same', 'modify-1', 'same', 'modify-3', 'same', 'same', 'same', 'same', 'modify-1', 'same', 'modify-1', 'same', 'same', 'same', 'same', 'same', 'same', 'same', 'modify-1', 'modify-1', 'modify-1', 'modify-1', 'modify-1', 'modify-1', 'modify-1', 'modify-1', 'same', 'same', 'same', 'same', 'same', 'same'],['same', 'modify-1', 'modify-1', 'same', 'same', 'same', 'same', 'same', 'same', 'same', 'modify-1', 'same', 'same', 'same', 'same', 'same', 'same', 'same', 'same', 'same', 'same', 'same', 'same', 'modify-1', 'same', 'same', 'modify-1', 'same', 'modify-1', 'same', 'modify-1', 'same', 'modify-1', 'same', 'same', 'modify-1', 'same', 'modify-1', 'same', 'modify-1', 'modify-1', 'same', 'same', 'same', 'modify-1', 'modify-1', 'same', 'same', 'same', 'same', 'modify-2', 'modify-2', 'same', 'same', 'same', 'same', 'same', 'modify-1', 'same', 'same', 'modify-1', 'same', 'same', 'same', 'same', 'same', 'same', 'same', 'modify-1', 'modify-1', 'modify-1', 'modify-1', 'same', 'same', 'same', 'same', 'modify-1', 'same', 'modify-1', 'same', 'same', 'same', 'same', 'same', 'same', 'same', 'modify-1', 'modify-1', 'same', 'same', 'modify-1', 'modify-1', 'same']
data/zheng/processed_interactions_p2/pro22_ade_p2_logs.csv,0.5113636363636364,defaultdict(None, {'modify-1': (39, 0.07692307692307693), 'same': (44, 0.9545454545454546), 'modify-2': (5, 0.0)}),['modify-1', 'same', 'modify-1', 'same', 'same', 'same', 'same', 'same', 'same', 'same', 'same', 'same', 'same', 'same', 'same', 'same', 'same', 'same', 'same', 'same', 'same', 'same', 'same', 'same', 'same', 'same', 'same', 'same', 'same', 'same', 'same', 'same', 'same', 'same', 'same', 'same', 'same', 'same', 'same', 'same', 'same', 'modify-2', 'same', 'same', 'same', 'modify-1', 'modify-1', 'same', 'same', 'same', 'same', 'same', 'same', 'same', 'same', 'same', 'same', 'same', 'same', 'same', 'same', 'same', 'same', 'modify-3', 'same', 'same', 'same', 'same', 'same', 'same', 'same', 'same', 'same', 'same', 'modify-2', 'same', 'same', 'same', 'same', 'modify-1', 'same', 'same', 'same', 'same', 'same', 'same', 'same', 'same'],['modify-1', 'modify-1', 'modify-1', 'same', 'same', 'same', 'modify-1', 'modify-1', 'modify-1', 'modify-1', 'same', 'same', 'same', 'same', 'same', 'same', 'same', 'modify-1', 'modify-1', 'same', 'same', 'same', 'same', 'modify-1', 'modify-1', 'modify-1', 'same', 'same', 'same', 'modify-1', 'same', 'same', 'same', 'same', 'same', 'modify-1', 'modify-1', 'modify-1', 'modify-1', 'modify-1', 'modify-1', 'modify-1', 'same', 'modify-1', 'modify-1', 'same', 'modify-1', 'modify-1', 'same', 'modify-1', 'same', 'modify-1', 'same', 'modify-1', 'modify-1', 'modify-1', 'same', 'same', 'modify-1', 'modify-2', 'modify-1', 'modify-2', 'modify-2', 'same', 'same', 'same', 'modify-1', 'same', 'same', 'modify-1', 'same', 'modify-1', 'modify-1', 'modify-1', 'modify-1', 'same', 'same', 'same', 'modify-2', 'modify-2', 'same', 'same', 'modify-1', 'modify-1', 'same', 'same', 'same', 'same']
data/zheng/processed_interactions_p2/pro20_ade_p2_logs.csv,0.6666666666666666,defaultdict(None, {'same': (45, 0.9777777777777777), 'modify-1': (21, 0.09523809523809523), 'modify-2': (3, 0.0)}),['modify-1', 'same', 'same', 'same', 'same', 'same', 'same', 'same', 'same', 'same', 'modify-1', 'same', 'same', 'modify-1', 'same', 'same', 'same', 'same', 'same', 'same', 'same', 'same', 'same', 'same', 'same', 'same', 'same', 'same', 'same', 'same', 'same', 'same', 'same', 'same', 'same', 'same', 'same', 'same', 'same', 'same', 'same', 'same', 'same', 'same', 'same', 'same', 'same', 'same', 'same', 'same', 'same', 'same', 'same', 'same', 'same', 'same', 'same', 'same', 'same', 'same', 'same', 'same', 'same', 'same', 'same', 'same', 'same', 'same', 'same'],['same', 'same', 'same', 'same', 'same', 'modify-1', 'same', 'modify-1', 'modify-1', 'same', 'modify-1', 'same', 'modify-1', 'modify-1', 'same', 'same', 'same', 'modify-1', 'same', 'same', 'same', 'same', 'modify-1', 'same', 'same', 'modify-1', 'same', 'same', 'modify-1', 'modify-1', 'same', 'modify-2', 'modify-1', 'modify-1', 'modify-1', 'same', 'same', 'same', 'modify-1', 'same', 'same', 'modify-1', 'same', 'same', 'same', 'modify-1', 'modify-1', 'same', 'modify-1', 'same', 'modify-1', 'modify-1', 'same', 'same', 'same', 'same', 'modify-2', 'modify-2', 'same', 'same', 'same', 'same', 'same', 'same', 'same', 'same', 'same', 'same', 'same']
data/zheng/processed_interactions_p2/pro24_adf_p2_logs.csv,0.6666666666666666,defaultdict(None, {'same': (16, 0.9375), 'modify-1': (5, 0.2), 'modify-2': (3, 0.0)}),['modify-1', 'modify-1', 'same', 'same', 'same', 'same', 'same', 'same', 'same', 'same', 'modify-1', 'modify-3', 'same', 'same', 'same', 'same', 'same', 'same', 'same', 'same', 'same', 'same', 'same', 'same'],['same', 'modify-1', 'same', 'same', 'same', 'modify-1', 'modify-1', 'same', 'same', 'same', 'modify-2', 'modify-2', 'same', 'same', 'same', 'same', 'modify-1', 'modify-2', 'same', 'modify-1', 'same', 'same', 'same', 'same']
data/zheng/processed_interactions_p2/pro21_ade_p2_logs.csv,0.6153846153846154,defaultdict(None, {'same': (50, 0.9), 'modify-1': (20, 0.05), 'modify-2': (6, 0.3333333333333333), 'modify-3': (2, 0.0)}),['modify-1', 'modify-1', 'same', 'same', 'same', 'modify-2', 'same', 'modify-2', 'same', 'same', 'same', 'same', 'modify-1', 'same', 'same', 'same', 'same', 'same', 'same', 'same', 'same', 'same', 'same', 'same', 'same', 'modify-2', 'same', 'same', 'modify-2', 'same', 'same', 'same', 'same', 'same', 'same', 'same', 'same', 'same', 'same', 'same', 'same', 'same', 'same', 'same', 'modify-1', 'same', 'same', 'modify-1', 'same', 'same', 'same', 'same', 'same', 'same', 'same', 'same', 'same', 'same', 'same', 'same', 'same', 'same', 'modify-3', 'same', 'same', 'same', 'same', 'same', 'modify-3', 'same', 'same', 'same', 'same', 'modify-2', 'same', 'same', 'same', 'same'],['same', 'modify-1', 'same', 'same', 'modify-1', 'same', 'modify-1', 'modify-1', 'same', 'same', 'same', 'modify-2', 'modify-2', 'same', 'same', 'same', 'same', 'same', 'same', 'same', 'same', 'same', 'same', 'same', 'modify-2', 'modify-2', 'same', 'modify-2', 'modify-2', 'same', 'same', 'same', 'modify-1', 'same', 'modify-1', 'modify-1', 'modify-1', 'same', 'modify-1', 'modify-1', 'same', 'same', 'same', 'modify-3', 'modify-3', 'same', 'modify-1', 'same', 'same', 'same', 'modify-1', 'same', 'modify-1', 'same', 'same', 'same', 'modify-1', 'modify-1', 'same', 'same', 'same', 'modify-1', 'same', 'same', 'same', 'modify-1', 'same', 'same', 'modify-1', 'modify-1', 'same', 'same', 'modify-1', 'same', 'same', 'same', 'same', 'same']
data/zheng/processed_interactions_p2/pro18_adf_p2_logs.csv,0.8214285714285714,defaultdict(None, {'same': (24, 0.9583333333333334), 'modify-1': (2, 0.0), 'modify-2': (2, 0.0)}),['same', 'same', 'same', 'same', 'same', 'same', 'same', 'same', 'modify-3', 'same', 'same', 'same', 'same', 'same', 'same', 'same', 'same', 'same', 'same', 'same', 'same', 'same', 'same', 'modify-3', 'same', 'same', 'same', 'same'],['same', 'same', 'same', 'same', 'same', 'same', 'same', 'modify-1', 'modify-1', 'same', 'same', 'modify-2', 'modify-2', 'same', 'same', 'same', 'same', 'same', 'same', 'same', 'same', 'same', 'same', 'same', 'same', 'same', 'same', 'same']
data/zheng/processed_interactions_p2/pro13_ace_p2_logs.csv,0.5714285714285714,defaultdict(None, {'modify-1': (8, 0.125), 'same': (16, 0.9375), 'modify-2': (2, 0.0), 'modify-3': (2, 0.0)}),['same', 'modify-1', 'modify-1', 'same', 'same', 'same', 'same', 'same', 'same', 'same', 'same', 'modify-1', 'same', 'same', 'same', 'same', 'same', 'same', 'same', 'same', 'same', 'same', 'same', 'same', 'same', 'same', 'same', 'same'],['modify-1', 'same', 'modify-1', 'same', 'same', 'modify-1', 'modify-1', 'same', 'modify-1', 'modify-1', 'modify-2', 'modify-2', 'modify-1', 'same', 'modify-1', 'same', 'same', 'same', 'modify-3', 'modify-3', 'same', 'same', 'same', 'same', 'same', 'same', 'same', 'same']
data/zheng/processed_interactions_p2/pro25_acf_p2_logs.csv,0.4,defaultdict(None, {'same': (15, 0.5333333333333333), 'modify-1': (4, 0.5), 'modify-2': (6, 0.0)}),['modify-1', 'modify-1', 'modify-1', 'same', 'same', 'same', 'modify-1', 'modify-1', 'modify-1', 'modify-1', 'modify-1', 'modify-1', 'same', 'same', 'same', 'same', 'same', 'modify-1', 'same', 'modify-1', 'same', 'same', 'same', 'same', 'same'],['same', 'same', 'modify-1', 'same', 'same', 'modify-1', 'same', 'same', 'same', 'same', 'same', 'modify-1', 'modify-1', 'same', 'modify-2', 'modify-2', 'modify-2', 'modify-2', 'modify-2', 'modify-2', 'same', 'same', 'same', 'same', 'same']
data/zheng/processed_interactions_p2/pro8_acf_p2_logs.csv,0.7480314960629921,defaultdict(None, {'modify-1': (9, 0.0), 'same': (91, 0.989010989010989), 'modify-2': (25, 0.2), 'modify-3': (2, 0.0)}),['same', 'same', 'same', 'modify-3', 'same', 'same', 'same', 'modify-2', 'same', 'same', 'same', 'same', 'same', 'same', 'same', 'same', 'same', 'same', 'same', 'same', 'same', 'same', 'same', 'same', 'same', 'same', 'same', 'same', 'same', 'same', 'same', 'same', 'same', 'same', 'modify-2', 'same', 'modify-2', 'same', 'same', 'same', 'same', 'same', 'same', 'same', 'same', 'same', 'same', 'same', 'same', 'same', 'same', 'same', 'same', 'same', 'same', 'same', 'same', 'same', 'same', 'same', 'same', 'same', 'same', 'same', 'same', 'same', 'same', 'same', 'same', 'same', 'same', 'same', 'same', 'same', 'same', 'same', 'same', 'same', 'same', 'same', 'same', 'same', 'same', 'same', 'same', 'modify-2', 'same', 'same', 'same', 'same', 'same', 'same', 'same', 'same', 'same', 'same', 'same', 'same', 'same', 'same', 'same', 'same', 'same', 'same', 'modify-2', 'same', 'same', 'same', 'same', 'same', 'same', 'modify-3', 'same', 'same', 'modify-2', 'same', 'same', 'same', 'same', 'same', 'same', 'same', 'same', 'same', 'same', 'same', 'same'],['modify-1', 'same', 'modify-1', 'modify-1', 'same', 'same', 'modify-2', 'modify-2', 'same', 'same', 'same', 'modify-2', 'same', 'same', 'same', 'same', 'modify-2', 'same', 'same', 'modify-2', 'same', 'same', 'modify-2', 'modify-1', 'same', 'modify-1', 'modify-1', 'same', 'same', 'modify-2', 'same', 'same', 'same', 'modify-2', 'modify-2', 'modify-2', 'modify-2', 'same', 'same', 'same', 'same', 'same', 'same', 'same', 'same', 'modify-2', 'same', 'modify-3', 'modify-2', 'same', 'modify-2', 'same', 'same', 'modify-2', 'same', 'modify-1', 'modify-1', 'same', 'same', 'modify-2', 'modify-2', 'modify-2', 'same', 'same', 'same', 'modify-1', 'modify-3', 'modify-2', 'same', 'same', 'same', 'same', 'same', 'same', 'same', 'same', 'same', 'same', 'same', 'same', 'same', 'same', 'same', 'same', 'modify-2', 'modify-2', 'same', 'same', 'same', 'same', 'same', 'same', 'same', 'same', 'same', 'same', 'same', 'same', 'same', 'same', 'same', 'same', 'same', 'modify-2', 'modify-2', 'same', 'same', 'same', 'same', 'same', 'modify-2', 'modify-2', 'same', 'same', 'same', 'same', 'same', 'same', 'same', 'same', 'same', 'same', 'same', 'same', 'same', 'same', 'same']
data/zheng/processed_interactions_p2/pro5_adf_p2_logs.csv,0.7428571428571429,defaultdict(None, {'same': (50, 1.0), 'modify-1': (6, 0.3333333333333333), 'modify-2': (14, 0.0)}),['same', 'same', 'modify-1', 'same', 'modify-1', 'same', 'same', 'same', 'same', 'same', 'same', 'same', 'same', 'same', 'same', 'same', 'same', 'same', 'same', 'same', 'same', 'same', 'same', 'same', 'same', 'same', 'same', 'same', 'same', 'same', 'same', 'same', 'same', 'same', 'same', 'same', 'same', 'modify-1', 'same', 'same', 'same', 'same', 'same', 'same', 'same', 'same', 'same', 'same', 'same', 'same', 'same', 'same', 'same', 'same', 'same', 'same', 'same', 'same', 'same', 'same', 'same', 'same', 'same', 'same', 'modify-1', 'same', 'same', 'same', 'same', 'same'],['same', 'modify-1', 'modify-1', 'modify-2', 'modify-2', 'same', 'same', 'same', 'same', 'same', 'same', 'same', 'same', 'same', 'same', 'same', 'same', 'same', 'same', 'same', 'same', 'same', 'same', 'same', 'same', 'same', 'same', 'same', 'same', 'same', 'modify-2', 'modify-2', 'modify-2', 'modify-2', 'modify-2', 'modify-2', 'modify-2', 'modify-2', 'same', 'modify-2', 'modify-2', 'same', 'same', 'same', 'same', 'same', 'same', 'same', 'same', 'same', 'same', 'same', 'same', 'same', 'same', 'same', 'same', 'same', 'same', 'same', 'same', 'modify-1', 'modify-1', 'modify-1', 'modify-1', 'modify-2', 'modify-2', 'same', 'same', 'same']
data/zheng/processed_interactions_p2/pro29_ace_p2_logs.csv,0.7142857142857143,defaultdict(None, {'modify-1': (4, 0.25), 'same': (15, 0.9333333333333333), 'modify-2': (2, 0.0)}),['same', 'modify-1', 'modify-1', 'same', 'same', 'same', 'same', 'same', 'same', 'same', 'same', 'same', 'same', 'same', 'same', 'same', 'same', 'same', 'same', 'same', 'same'],['modify-1', 'same', 'modify-1', 'same', 'modify-1', 'modify-1', 'same', 'modify-2', 'modify-2', 'same', 'same', 'same', 'same', 'same', 'same', 'same', 'same', 'same', 'same', 'same', 'same']
data/zheng/processed_interactions_p2/pro31_adf_p2_logs.csv,0.6428571428571429,defaultdict(None, {'same': (7, 0.8571428571428571), 'modify-1': (5, 0.4), 'modify-2': (2, 0.5)}),['modify-1', 'modify-1', 'same', 'same', 'same', 'same', 'modify-2', 'same', 'same', 'same', 'same', 'same', 'modify-1', 'same'],['same', 'modify-1', 'same', 'modify-1', 'modify-1', 'modify-2', 'modify-2', 'same', 'same', 'modify-1', 'same', 'same', 'modify-1', 'same']
data/zheng/processed_interactions_p2/pro9_acf_p2_logs.csv,0.625,defaultdict(None, {'same': (15, 0.9333333333333333), 'modify-1': (3, 0.0), 'modify-2': (6, 0.16666666666666666)}),['modify-3', 'modify-3', 'same', 'same', 'same', 'same', 'same', 'modify-2', 'same', 'same', 'same', 'same', 'same', 'same', 'same', 'same', 'same', 'same', 'same', 'same', 'same', 'same', 'same', 'same'],['same', 'modify-1', 'same', 'same', 'modify-1', 'modify-1', 'modify-2', 'modify-2', 'modify-2', 'modify-2', 'same', 'same', 'same', 'same', 'same', 'modify-2', 'same', 'same', 'modify-2', 'same', 'same', 'same', 'same', 'same']
data/zheng/processed_interactions_p2/stu10_acf_p2_logs.csv,0.6842105263157895,defaultdict(None, {'modify-1': (3, 0.3333333333333333), 'same': (25, 1.0), 'modify-2': (8, 0.0), 'modify-3': (2, 0.0)}),['modify-1', 'same', 'same', 'same', 'same', 'same', 'same', 'same', 'same', 'same', 'same', 'same', 'same', 'same', 'same', 'same', 'same', 'modify-1', 'same', 'same', 'same', 'same', 'same', 'same', 'same', 'same', 'same', 'same', 'same', 'same', 'same', 'same', 'same', 'same', 'same', 'same', 'same', 'same'],['modify-1', 'same', 'same', 'same', 'modify-1', 'modify-1', 'modify-2', 'modify-2', 'same', 'same', 'same', 'same', 'same', 'same', 'modify-2', 'same', 'modify-3', 'modify-3', 'same', 'same', 'modify-2', 'same', 'same', 'same', 'modify-2', 'modify-2', 'same', 'same', 'same', 'same', 'same', 'same', 'modify-2', 'modify-2', 'same', 'same', 'same', 'same']
data/zheng/processed_interactions_p2/pro3_ace_p2_logs.csv,0.6,defaultdict(None, {'modify-1': (14, 0.07142857142857142), 'same': (30, 1.0), 'modify-2': (8, 0.125), 'modify-3': (3, 0.3333333333333333)}),['modify-1', 'same', 'same', 'same', 'same', 'same', 'same', 'same', 'modify-2', 'same', 'modify-3', 'same', 'same', 'same', 'modify-3', 'same', 'same', 'same', 'same', 'same', 'same', 'same', 'same', 'same', 'same', 'same', 'same', 'same', 'same', 'same', 'same', 'same', 'same', 'same', 'same', 'same', 'same', 'same', 'same', 'same', 'same', 'same', 'same', 'same', 'same', 'same', 'same', 'same', 'same', 'same', 'same', 'same', 'same', 'same', 'same'],['modify-1', 'same', 'same', 'modify-1', 'same', 'modify-1', 'modify-1', 'modify-2', 'modify-2', 'modify-3', 'modify-3', 'modify-2', 'modify-2', 'modify-2', 'modify-2', 'same', 'same', 'same', 'same', 'modify-1', 'modify-1', 'modify-1', 'same', 'same', 'same', 'same', 'same', 'modify-1', 'same', 'same', 'same', 'modify-1', 'same', 'modify-1', 'modify-2', 'same', 'modify-1', 'same', 'modify-1', 'same', 'same', 'modify-3', 'modify-2', 'same', 'same', 'same', 'same', 'same', 'same', 'same', 'same', 'modify-1', 'modify-1', 'same', 'same']
data/zheng/processed_interactions_p2/stu15_ade_p2_logs.csv,0.5845070422535211,defaultdict(None, {'same': (82, 1.0), 'modify-1': (43, 0.023255813953488372), 'modify-2': (17, 0.0)}),['same', 'same', 'modify-1', 'same', 'same', 'same', 'same', 'same', 'same', 'same', 'same', 'same', 'same', 'same', 'same', 'same', 'same', 'same', 'same', 'same', 'same', 'same', 'same', 'same', 'same', 'same', 'same', 'same', 'same', 'same', 'same', 'same', 'same', 'same', 'same', 'same', 'same', 'same', 'same', 'same', 'same', 'same', 'same', 'same', 'same', 'same', 'same', 'same', 'same', 'same', 'same', 'modify-1', 'same', 'same', 'same', 'same', 'same', 'same', 'same', 'same', 'same', 'same', 'same', 'same', 'same', 'same', 'same', 'same', 'same', 'same', 'same', 'same', 'same', 'same', 'same', 'same', 'same', 'same', 'same', 'same', 'same', 'same', 'same', 'same', 'same', 'same', 'same', 'same', 'same', 'same', 'same', 'same', 'modify-3', 'same', 'same', 'same', 'same', 'same', 'same', 'same', 'same', 'same', 'same', 'same', 'same', 'same', 'same', 'same', 'same', 'same', 'same', 'same', 'same', 'same', 'same', 'same', 'same', 'same', 'same', 'same', 'same', 'same', 'same', 'same', 'same', 'same', 'same', 'same', 'same', 'same', 'same', 'same', 'same', 'same', 'same', 'same', 'same', 'same', 'same', 'same', 'same', 'same'],['same', 'modify-1', 'modify-1', 'modify-1', 'modify-1', 'modify-1', 'modify-1', 'same', 'same', 'modify-2', 'modify-2', 'same', 'same', 'same', 'same', 'same', 'modify-1', 'same', 'same', 'same', 'same', 'same', 'same', 'modify-1', 'same', 'modify-1', 'same', 'same', 'same', 'same', 'same', 'modify-1', 'modify-1', 'modify-1', 'same', 'modify-1', 'same', 'same', 'same', 'modify-1', 'same', 'same', 'modify-1', 'same', 'modify-1', 'same', 'same', 'same', 'same', 'same', 'modify-2', 'modify-2', 'same', 'same', 'same', 'same', 'modify-1', 'same', 'modify-1', 'same', 'same', 'same', 'modify-1', 'same', 'modify-1', 'same', 'modify-2', 'modify-2', 'same', 'same', 'modify-1', 'same', 'same', 'same', 'same', 'same', 'modify-1', 'same', 'same', 'same', 'same', 'same', 'modify-2', 'modify-2', 'same', 'same', 'modify-2', 'modify-2', 'same', 'same', 'same', 'modify-1', 'modify-1', 'modify-1', 'modify-1', 'same', 'same', 'modify-1', 'same', 'modify-1', 'modify-1', 'modify-1', 'same', 'modify-1', 'modify-1', 'same', 'modify-1', 'modify-1', 'same', 'modify-1', 'same', 'modify-1', 'same', 'modify-1', 'modify-2', 'modify-2', 'modify-2', 'modify-2', 'same', 'same', 'modify-1', 'same', 'modify-1', 'same', 'same', 'modify-1', 'modify-1', 'modify-2', 'same', 'modify-1', 'same', 'modify-1', 'modify-2', 'modify-2', 'same', 'same', 'same', 'same', 'same', 'same', 'same', 'same']
data/zheng/processed_interactions_p2/stu11_adf_p2_logs.csv,0.6666666666666666,defaultdict(None, {'modify-1': (5, 0.2), 'same': (11, 1.0), 'modify-2': (2, 0.0)}),['same', 'same', 'same', 'modify-1', 'same', 'same', 'same', 'same', 'same', 'same', 'same', 'same', 'same', 'same', 'same', 'same', 'same', 'same'],['modify-1', 'same', 'modify-1', 'modify-1', 'modify-2', 'modify-2', 'same', 'same', 'same', 'same', 'same', 'same', 'same', 'modify-1', 'same', 'modify-1', 'same', 'same']
data/zheng/processed_interactions_p2/stu13_acf_p2_logs.csv,0.7272727272727273,defaultdict(None, {'same': (16, 1.0), 'modify-1': (2, 0.0), 'modify-2': (3, 0.0), 'modify-3': (1, 0.0)}),['same', 'same', 'same', 'same', 'same', 'same', 'same', 'same', 'same', 'same', 'same', 'same', 'same', 'same', 'same', 'same', 'same', 'same', 'same', 'same', 'same', 'same'],['same', 'same', 'same', 'modify-1', 'modify-1', 'same', 'same', 'same', 'same', 'same', 'same', 'modify-2', 'same', 'modify-3', 'modify-2', 'same', 'same', 'same', 'same', 'same', 'modify-2', 'same']
data/zheng/processed_interactions_p2/stu21_ace_p2_logs.csv,0.4748201438848921,defaultdict(None, {'modify-1': (67, 0.16417910447761194), 'same': (69, 0.7971014492753623), 'modify-2': (3, 0.0)}),['modify-1', 'same', 'same', 'same', 'same', 'same', 'same', 'same', 'same', 'same', 'same', 'same', 'same', 'same', 'same', 'same', 'same', 'same', 'modify-1', 'modify-1', 'modify-1', 'modify-1', 'modify-1', 'same', 'same', 'modify-1', 'same', 'same', 'same', 'same', 'same', 'same', 'same', 'modify-1', 'modify-1', 'modify-1', 'same', 'same', 'modify-1', 'modify-1', 'modify-1', 'modify-1', 'same', 'same', 'same', 'same', 'modify-3', 'same', 'same', 'same', 'same', 'same', 'same', 'same', 'same', 'same', 'same', 'same', 'modify-2', 'same', 'modify-1', 'modify-1', 'modify-1', 'same', 'same', 'same', 'same', 'same', 'same', 'same', 'same', 'same', 'same', 'same', 'modify-3', 'modify-3', 'modify-1', 'modify-1', 'modify-1', 'modify-1', 'modify-1', 'modify-1', 'same', 'same', 'same', 'same', 'same', 'same', 'same', 'same', 'same', 'same', 'same', 'same', 'same', 'same', 'same', 'same', 'same', 'same', 'same', 'same', 'same', 'same', 'same', 'same', 'same', 'same', 'same', 'same', 'same', 'same', 'same', 'same', 'same', 'same', 'same', 'same', 'same', 'same', 'same', 'same', 'same', 'modify-3', 'same', 'same', 'same', 'same', 'same', 'same', 'same', 'same', 'same', 'same', 'same', 'same', 'same', 'same', 'same'],['modify-1', 'same', 'same', 'modify-1', 'same', 'modify-1', 'same', 'same', 'same', 'modify-1', 'modify-1', 'same', 'same', 'modify-1', 'same', 'modify-1', 'same', 'modify-1', 'modify-1', 'same', 'modify-1', 'same', 'modify-1', 'modify-1', 'modify-1', 'modify-1', 'modify-1', 'modify-1', 'modify-1', 'same', 'same', 'same', 'modify-1', 'same', 'same', 'modify-1', 'modify-1', 'modify-1', 'modify-1', 'same', 'same', 'modify-1', 'same', 'modify-1', 'same', 'same', 'modify-1', 'modify-1', 'same', 'modify-1', 'same', 'modify-1', 'same', 'modify-1', 'same', 'same', 'modify-1', 'modify-1', 'modify-1', 'modify-1', 'same', 'same', 'modify-1', 'same', 'modify-1', 'same', 'same', 'same', 'same', 'modify-1', 'modify-1', 'same', 'same', 'modify-1', 'same', 'modify-1', 'same', 'same', 'same', 'modify-1', 'same', 'modify-1', 'same', 'modify-1', 'same', 'same', 'same', 'same', 'modify-1', 'same', 'modify-1', 'same', 'same', 'same', 'modify-1', 'modify-1', 'same', 'modify-1', 'modify-1', 'same', 'modify-2', 'modify-1', 'modify-1', 'modify-1', 'same', 'modify-1', 'same', 'modify-1', 'modify-1', 'same', 'modify-2', 'same', 'same', 'modify-2', 'modify-1', 'same', 'modify-1', 'same', 'modify-1', 'modify-1', 'modify-1', 'modify-1', 'modify-1', 'same', 'same', 'same', 'same', 'same', 'same', 'same', 'modify-1', 'same', 'modify-1', 'same', 'modify-1', 'modify-1', 'modify-1', 'modify-1', 'same']
data/zheng/processed_interactions_p2/stu17_ace_p2_logs.csv,0.6666666666666666,defaultdict(None, {'same': (12, 0.9166666666666666), 'modify-1': (4, 0.25), 'modify-2': (2, 0.0)}),['modify-1', 'modify-1', 'same', 'same', 'same', 'same', 'same', 'same', 'same', 'same', 'same', 'same', 'same', 'same', 'same', 'same', 'same', 'same'],['same', 'modify-1', 'modify-1', 'same', 'same', 'same', 'same', 'modify-2', 'modify-2', 'same', 'same', 'same', 'same', 'same', 'modify-1', 'same', 'modify-1', 'same']
data/zheng/processed_interactions_p2/stu26_ace_p2_logs.csv,0.7368421052631579,defaultdict(None, {'same': (14, 1.0), 'modify-1': (3, 0.0), 'modify-2': (2, 0.0)}),['same', 'modify-2', 'same', 'same', 'same', 'same', 'same', 'same', 'same', 'same', 'same', 'same', 'same', 'same', 'same', 'same', 'same', 'same', 'same'],['same', 'modify-1', 'same', 'modify-1', 'modify-1', 'same', 'same', 'modify-2', 'modify-2', 'same', 'same', 'same', 'same', 'same', 'same', 'same', 'same', 'same', 'same']
data/zheng/processed_interactions_p2/stu25_ace_p2_logs.csv,0.75,defaultdict(None, {'same': (27, 1.0), 'modify-1': (3, 0.0), 'modify-2': (6, 0.0)}),['same', 'same', 'same', 'modify-3', 'same', 'same', 'same', 'same', 'same', 'same', 'same', 'same', 'same', 'same', 'same', 'same', 'same', 'same', 'same', 'same', 'same', 'same', 'same', 'same', 'same', 'same', 'same', 'same', 'same', 'same', 'same', 'same', 'same', 'same', 'same', 'same'],['same', 'modify-1', 'modify-1', 'modify-2', 'modify-2', 'modify-2', 'modify-2', 'same', 'same', 'modify-2', 'modify-2', 'same', 'same', 'same', 'same', 'same', 'same', 'same', 'same', 'same', 'same', 'same', 'same', 'same', 'same', 'same', 'same', 'same', 'same', 'same', 'same', 'same', 'same', 'same', 'modify-1', 'same']
data/zheng/processed_interactions_p2/stu24_ace_p2_logs.csv,0.7777777777777778,defaultdict(None, {'same': (21, 1.0), 'modify-1': (4, 0.0), 'modify-2': (2, 0.0)}),['same', 'same', 'same', 'same', 'same', 'same', 'same', 'same', 'same', 'same', 'same', 'same', 'same', 'same', 'same', 'same', 'same', 'same', 'same', 'same', 'same', 'same', 'same', 'same', 'same', 'same', 'same'],['same', 'same', 'same', 'same', 'modify-1', 'modify-1', 'same', 'same', 'same', 'modify-2', 'modify-2', 'same', 'same', 'same', 'same', 'same', 'same', 'same', 'same', 'same', 'same', 'modify-1', 'same', 'modify-1', 'same', 'same', 'same']
data/zheng/processed_interactions_p2/stu29_ade_p2_logs.csv,0.65,defaultdict(None, {'same': (13, 1.0), 'modify-1': (5, 0.0), 'modify-2': (2, 0.0)}),['same', 'same', 'same', 'same', 'same', 'same', 'same', 'same', 'same', 'same', 'same', 'same', 'same', 'same', 'same', 'same', 'same', 'same', 'same', 'same'],['same', 'modify-1', 'modify-1', 'modify-2', 'modify-2', 'same', 'same', 'same', 'same', 'same', 'same', 'modify-1', 'same', 'modify-1', 'modify-1', 'same', 'same', 'same', 'same', 'same']
data/zheng/processed_interactions_p2/stu30_adf_p2_logs.csv,0.7777777777777778,defaultdict(None, {'modify-1': (3, 0.3333333333333333), 'same': (13, 1.0), 'modify-2': (2, 0.0)}),['modify-1', 'same', 'same', 'same', 'same', 'same', 'same', 'same', 'same', 'same', 'same', 'same', 'same', 'same', 'same', 'same', 'same', 'same'],['modify-1', 'same', 'modify-1', 'modify-1', 'modify-2', 'modify-2', 'same', 'same', 'same', 'same', 'same', 'same', 'same', 'same', 'same', 'same', 'same', 'same']
data/zheng/processed_interactions_p2/stu31_ade_p2_logs.csv,0.6410256410256411,defaultdict(None, {'same': (24, 1.0), 'modify-1': (13, 0.07692307692307693), 'modify-3': (1, 0.0), 'modify-2': (1, 0.0)}),['same', 'same', 'same', 'same', 'same', 'same', 'same', 'same', 'same', 'modify-2', 'same', 'same', 'same', 'same', 'same', 'same', 'same', 'same', 'modify-1', 'same', 'same', 'same', 'same', 'same', 'same', 'same', 'same', 'same', 'same', 'modify-1', 'same', 'same', 'same', 'same', 'same', 'same', 'same', 'same', 'same'],['same', 'modify-1', 'modify-1', 'same', 'same', 'same', 'modify-1', 'modify-1', 'modify-1', 'modify-1', 'same', 'same', 'same', 'same', 'modify-1', 'same', 'same', 'same', 'modify-1', 'same', 'same', 'same', 'same', 'modify-1', 'modify-1', 'same', 'same', 'same', 'modify-3', 'modify-2', 'modify-1', 'modify-1', 'modify-1', 'same', 'same', 'same', 'same', 'same', 'same']
data/zheng/processed_interactions_p2/stu36_adf_p2_logs.csv,0.72,defaultdict(None, {'modify-1': (6, 0.16666666666666666), 'same': (17, 1.0), 'modify-2': (2, 0.0)}),['modify-1', 'same', 'same', 'same', 'same', 'modify-1', 'same', 'same', 'same', 'same', 'same', 'same', 'same', 'same', 'same', 'same', 'same', 'same', 'same', 'same', 'same', 'same', 'same', 'same', 'same'],['modify-1', 'same', 'modify-1', 'modify-1', 'modify-2', 'modify-2', 'same', 'same', 'same', 'same', 'same', 'same', 'same', 'same', 'same', 'same', 'same', 'same', 'same', 'modify-1', 'same', 'modify-1', 'same', 'modify-1', 'same']
data/zheng/processed_interactions_p2/stu37_adf_p2_logs.csv,0.6629213483146067,defaultdict(None, {'modify-1': (19, 0.15789473684210525), 'same': (56, 1.0), 'modify-2': (14, 0.0)}),['same', 'same', 'same', 'same', 'same', 'same', 'modify-1', 'same', 'same', 'same', 'same', 'same', 'same', 'same', 'same', 'same', 'same', 'same', 'same', 'same', 'same', 'same', 'same', 'same', 'same', 'same', 'same', 'same', 'same', 'same', 'same', 'same', 'same', 'same', 'same', 'same', 'same', 'same', 'same', 'same', 'same', 'same', 'same', 'modify-1', 'same', 'same', 'same', 'same', 'same', 'same', 'same', 'same', 'same', 'same', 'same', 'same', 'same', 'same', 'same', 'same', 'same', 'same', 'same', 'same', 'same', 'same', 'same', 'same', 'same', 'same', 'same', 'same', 'same', 'same', 'same', 'same', 'modify-1', 'same', 'same', 'same', 'same', 'same', 'same', 'same', 'same', 'same', 'same', 'same', 'same'],['modify-1', 'same', 'same', 'same', 'same', 'modify-1', 'modify-1', 'same', 'same', 'same', 'same', 'same', 'modify-2', 'modify-2', 'same', 'same', 'modify-1', 'same', 'modify-1', 'modify-1', 'modify-1', 'modify-1', 'modify-1', 'modify-1', 'modify-2', 'same', 'same', 'same', 'modify-2', 'same', 'modify-1', 'same', 'same', 'same', 'same', 'modify-2', 'modify-2', 'modify-2', 'modify-2', 'modify-2', 'modify-2', 'modify-1', 'modify-1', 'modify-1', 'modify-1', 'modify-2', 'modify-2', 'same', 'same', 'same', 'same', 'same', 'same', 'same', 'same', 'same', 'same', 'same', 'same', 'same', 'same', 'same', 'same', 'same', 'same', 'same', 'same', 'same', 'same', 'same', 'same', 'same', 'same', 'modify-2', 'modify-2', 'modify-1', 'modify-1', 'modify-1', 'modify-1', 'same', 'same', 'same', 'same', 'same', 'same', 'same', 'same', 'same', 'same']
data/zheng/processed_interactions_p2/stu38_acf_p2_logs.csv,0.6190476190476191,defaultdict(None, {'same': (25, 1.0), 'modify-1': (7, 0.14285714285714285), 'modify-2': (10, 0.0)}),['same', 'same', 'same', 'same', 'same', 'same', 'same', 'same', 'same', 'modify-1', 'same', 'same', 'same', 'same', 'same', 'same', 'same', 'same', 'same', 'same', 'same', 'same', 'same', 'same', 'same', 'same', 'same', 'same', 'same', 'same', 'same', 'same', 'same', 'same', 'same', 'same', 'same', 'same', 'same', 'same', 'same', 'same'],['same', 'same', 'same', 'same', 'modify-1', 'modify-1', 'modify-1', 'modify-1', 'modify-1', 'modify-1', 'modify-2', 'same', 'same', 'same', 'same', 'same', 'same', 'same', 'same', 'modify-2', 'same', 'modify-2', 'same', 'same', 'same', 'modify-2', 'modify-2', 'modify-2', 'modify-2', 'modify-2', 'same', 'modify-2', 'same', 'same', 'modify-2', 'same', 'same', 'modify-1', 'same', 'same', 'same', 'same']
data/zheng/processed_interactions_p2/stu3_acf_p2_logs.csv,0.68,defaultdict(None, {'same': (51, 1.0), 'modify-2': (16, 0.0), 'modify-3': (7, 0.0), 'modify-1': (1, 0.0)}),['same', 'same', 'same', 'same', 'same', 'same', 'same', 'same', 'same', 'same', 'same', 'same', 'same', 'same', 'same', 'same', 'same', 'same', 'same', 'same', 'same', 'same', 'same', 'same', 'same', 'same', 'same', 'same', 'same', 'same', 'same', 'same', 'same', 'same', 'same', 'same', 'same', 'same', 'same', 'same', 'same', 'same', 'same', 'same', 'same', 'same', 'same', 'same', 'same', 'same', 'same', 'same', 'same', 'same', 'same', 'same', 'same', 'same', 'same', 'same', 'same', 'same', 'same', 'same', 'same', 'same', 'same', 'same', 'same', 'same', 'same', 'same', 'same', 'same', 'same'],['same', 'modify-2', 'modify-3', 'modify-1', 'modify-2', 'modify-2', 'same', 'same', 'same', 'same', 'same', 'same', 'same', 'same', 'same', 'modify-2', 'same', 'modify-2', 'modify-2', 'modify-2', 'modify-2', 'same', 'same', 'modify-2', 'same', 'modify-2', 'same', 'same', 'modify-3', 'same', 'same', 'same', 'same', 'same', 'same', 'same', 'modify-3', 'same', 'modify-2', 'same', 'same', 'modify-2', 'modify-3', 'same', 'same', 'modify-3', 'same', 'same', 'same', 'same', 'modify-3', 'modify-3', 'same', 'modify-2', 'same', 'same', 'modify-2', 'modify-2', 'modify-2', 'same', 'same', 'same', 'same', 'same', 'same', 'same', 'same', 'same', 'same', 'same', 'same', 'same', 'same', 'same', 'same']
data/zheng/processed_interactions_p2/stu39_adf_p2_logs.csv,0.48333333333333334,defaultdict(None, {'modify-1': (29, 0.2413793103448276), 'same': (26, 0.8076923076923077), 'modify-2': (5, 0.2)}),['modify-1', 'same', 'same', 'same', 'same', 'same', 'same', 'same', 'same', 'modify-3', 'same', 'same', 'same', 'modify-3', 'same', 'same', 'same', 'modify-1', 'same', 'same', 'same', 'same', 'same', 'modify-2', 'same', 'same', 'same', 'same', 'same', 'same', 'same', 'same', 'same', 'same', 'modify-3', 'same', 'same', 'modify-1', 'same', 'same', 'same', 'modify-1', 'modify-1', 'same', 'same', 'modify-1', 'same', 'same', 'modify-1', 'same', 'same', 'same', 'same', 'modify-1', 'modify-3', 'modify-1', 'modify-3', 'same', 'modify-1', 'same'],['modify-1', 'same', 'modify-1', 'modify-1', 'same', 'same', 'same', 'modify-1', 'same', 'same', 'modify-1', 'same', 'same', 'same', 'same', 'modify-1', 'modify-1', 'modify-1', 'modify-2', 'same', 'modify-1', 'modify-1', 'modify-1', 'modify-2', 'same', 'same', 'same', 'same', 'same', 'modify-2', 'same', 'modify-2', 'same', 'modify-1', 'modify-1', 'modify-2', 'modify-1', 'modify-1', 'same', 'same', 'modify-1', 'same', 'same', 'modify-1', 'modify-1', 'same', 'modify-1', 'modify-1', 'modify-1', 'same', 'same', 'modify-1', 'modify-1', 'modify-1', 'modify-1', 'modify-1', 'modify-1', 'modify-1', 'modify-1', 'same']
data/zheng/processed_interactions_p2/stu6_acf_p2_logs.csv,0.5303030303030303,defaultdict(None, {'modify-1': (16, 0.125), 'same': (33, 1.0), 'modify-2': (16, 0.0), 'modify-3': (1, 0.0)}),['modify-1', 'same', 'same', 'same', 'same', 'same', 'same', 'same', 'same', 'same', 'same', 'same', 'same', 'same', 'same', 'same', 'same', 'same', 'same', 'same', 'same', 'same', 'same', 'same', 'same', 'same', 'same', 'modify-1', 'same', 'same', 'same', 'same', 'same', 'same', 'same', 'same', 'same', 'same', 'same', 'same', 'same', 'same', 'same', 'same', 'same', 'same', 'same', 'same', 'same', 'modify-2', 'same', 'same', 'same', 'same', 'same', 'same', 'same', 'same', 'same', 'same', 'same', 'same', 'same', 'same', 'same', 'same'],['modify-1', 'same', 'same', 'same', 'same', 'same', 'same', 'same', 'same', 'modify-2', 'same', 'modify-2', 'modify-2', 'modify-2', 'same', 'modify-2', 'modify-2', 'same', 'same', 'modify-1', 'same', 'same', 'modify-3', 'modify-2', 'modify-1', 'modify-1', 'modify-1', 'modify-1', 'modify-2', 'modify-2', 'modify-2', 'same', 'same', 'modify-2', 'same', 'same', 'same', 'same', 'same', 'modify-2', 'same', 'modify-2', 'modify-1', 'modify-1', 'modify-2', 'same', 'same', 'modify-2', 'modify-2', 'modify-1', 'same', 'modify-1', 'same', 'same', 'modify-1', 'same', 'same', 'modify-1', 'modify-1', 'same', 'modify-1', 'modify-1', 'same', 'modify-1', 'same', 'same']
data/zheng/processed_interactions_p2/stu4_ade_p2_logs.csv,0.7297297297297297,defaultdict(None, {'same': (27, 1.0), 'modify-1': (8, 0.0), 'modify-2': (2, 0.0)}),['same', 'same', 'same', 'same', 'same', 'same', 'same', 'same', 'same', 'same', 'same', 'same', 'same', 'same', 'same', 'same', 'same', 'same', 'same', 'same', 'same', 'same', 'same', 'same', 'same', 'same', 'same', 'same', 'same', 'same', 'same', 'same', 'same', 'same', 'same', 'same', 'same'],['same', 'modify-1', 'modify-1', 'same', 'same', 'same', 'modify-1', 'modify-1', 'same', 'modify-1', 'same', 'same', 'same', 'same', 'same', 'same', 'same', 'modify-2', 'modify-2', 'same', 'same', 'modify-1', 'same', 'same', 'same', 'same', 'same', 'same', 'same', 'same', 'modify-1', 'same', 'same', 'same', 'same', 'modify-1', 'same']
data/zheng/processed_interactions_p2/stu7_ade_p2_logs.csv,0.5,defaultdict(None, {'same': (20, 0.95), 'modify-1': (20, 0.05)}),['modify-3', 'modify-2', 'same', 'same', 'same', 'same', 'same', 'same', 'same', 'same', 'same', 'same', 'same', 'same', 'same', 'same', 'same', 'same', 'same', 'same', 'same', 'same', 'same', 'same', 'same', 'same', 'modify-3', 'modify-1', 'same', 'same', 'same', 'same', 'same', 'same', 'same', 'same', 'same', 'same', 'same', 'same'],['same', 'modify-1', 'same', 'modify-1', 'modify-1', 'modify-1', 'same', 'same', 'same', 'same', 'modify-1', 'modify-1', 'modify-1', 'modify-1', 'same', 'modify-1', 'modify-1', 'same', 'same', 'same', 'modify-1', 'same', 'modify-1', 'same', 'modify-1', 'modify-1', 'modify-1', 'modify-1', 'same', 'same', 'modify-1', 'modify-1', 'same', 'same', 'same', 'modify-1', 'same', 'same', 'modify-1', 'same']
