User,Accuracy,Algorithm,Predictions,Ground_Truth
pro13_ace_p2,0.2857142857142857,Random,"['modify-1', 'same', 'modify-1', 'same', 'same', 'modify-1', 'modify-1', 'same', 'modify-1', 'modify-1', 'modify-2', 'modify-2', 'modify-1', 'same', 'modify-1', 'same', 'same', 'same', 'modify-3', 'modify-3', 'same', 'same', 'same', 'same', 'same', 'same', 'same', 'same']","['modify-2', 'modify-2', 'modify-1', 'modify-2', 'same', 'modify-2', 'modify-3', 'modify-1', 'modify-1', 'modify-3', 'modify-2', 'same', 'modify-1', 'same', 'modify-1', 'modify-3', 'modify-2', 'modify-1', 'modify-1', 'modify-1', 'modify-1', 'modify-1', 'modify-1', 'modify-2', 'modify-1', 'same', 'modify-2', 'modify-2']"
pro15_ade_p2,0.22,Random,"['same', 'modify-1', 'modify-1', 'modify-1', 'same', 'modify-1', 'modify-1', 'same', 'same', 'same', 'same', 'same', 'same', 'same', 'modify-2', 'modify-2', 'modify-2', 'modify-2', 'modify-2', 'modify-2', 'same', 'same', 'same', 'same', 'same', 'same', 'same', 'same', 'same', 'same', 'same', 'modify-1', 'modify-2', 'modify-3', 'same', 'same', 'same', 'same', 'same', 'same', 'same', 'modify-1', 'same', 'modify-1', 'same', 'modify-1', 'same', 'same', 'same', 'same']","['modify-1', 'modify-3', 'same', 'modify-1', 'modify-3', 'same', 'modify-1', 'modify-1', 'modify-1', 'same', 'modify-1', 'modify-1', 'modify-1', 'modify-3', 'modify-3', 'modify-1', 'same', 'modify-3', 'modify-3', 'same', 'modify-2', 'modify-2', 'modify-3', 'modify-3', 'modify-2', 'modify-3', 'same', 'modify-3', 'modify-2', 'same', 'same', 'same', 'same', 'same', 'modify-3', 'modify-2', 'same', 'same', 'modify-2', 'modify-3', 'modify-3', 'modify-1', 'modify-3', 'modify-2', 'modify-1', 'modify-1', 'same', 'modify-2', 'modify-2', 'modify-1']"
pro17_ace_p2,0.34408602150537637,Random,"['same', 'modify-1', 'modify-1', 'same', 'same', 'same', 'same', 'same', 'same', 'same', 'modify-1', 'same', 'same', 'same', 'same', 'same', 'same', 'same', 'same', 'same', 'same', 'same', 'same', 'modify-1', 'same', 'same', 'modify-1', 'same', 'modify-1', 'same', 'modify-1', 'same', 'modify-1', 'same', 'same', 'modify-1', 'same', 'modify-1', 'same', 'modify-1', 'modify-1', 'same', 'same', 'same', 'modify-1', 'modify-1', 'same', 'same', 'same', 'same', 'modify-2', 'modify-2', 'same', 'same', 'same', 'same', 'same', 'modify-1', 'same', 'same', 'modify-1', 'same', 'same', 'same', 'same', 'same', 'same', 'same', 'modify-1', 'modify-1', 'modify-1', 'modify-1', 'same', 'same', 'same', 'same', 'modify-1', 'same', 'modify-1', 'same', 'same', 'same', 'same', 'same', 'same', 'same', 'modify-1', 'modify-1', 'same', 'same', 'modify-1', 'modify-1', 'same']","['modify-3', 'modify-3', 'same', 'modify-2', 'modify-2', 'modify-1', 'same', 'same', 'same', 'modify-3', 'modify-1', 'modify-3', 'modify-2', 'modify-1', 'same', 'modify-3', 'modify-1', 'same', 'modify-3', 'modify-2', 'same', 'modify-3', 'modify-1', 'modify-3', 'modify-2', 'same', 'same', 'modify-1', 'modify-1', 'modify-1', 'same', 'same', 'same', 'modify-1', 'modify-2', 'modify-3', 'modify-3', 'modify-1', 'same', 'same', 'modify-3', 'same', 'modify-2', 'modify-2', 'modify-3', 'modify-2', 'modify-2', 'same', 'same', 'modify-1', 'same', 'modify-3', 'same', 'same', 'modify-3', 'same', 'modify-3', 'modify-1', 'same', 'modify-2', 'modify-3', 'modify-1', 'modify-3', 'modify-2', 'modify-2', 'same', 'modify-3', 'same', 'modify-2', 'modify-1', 'modify-2', 'same', 'same', 'modify-3', 'same', 'modify-2', 'modify-3', 'modify-2', 'modify-1', 'modify-2', 'same', 'modify-3', 'modify-3', 'modify-2', 'modify-3', 'modify-1', 'modify-1', 'modify-1', 'modify-2', 'same', 'modify-1', 'modify-1', 'modify-2']"
pro18_adf_p2,0.10714285714285714,Random,"['same', 'same', 'same', 'same', 'same', 'same', 'same', 'modify-1', 'modify-1', 'same', 'same', 'modify-2', 'modify-2', 'same', 'same', 'same', 'same', 'same', 'same', 'same', 'same', 'same', 'same', 'same', 'same', 'same', 'same', 'same']","['modify-3', 'modify-1', 'modify-1', 'modify-3', 'modify-1', 'modify-2', 'modify-2', 'modify-2', 'modify-1', 'modify-3', 'modify-1', 'same', 'same', 'modify-3', 'same', 'modify-2', 'modify-2', 'same', 'modify-2', 'modify-3', 'modify-3', 'modify-2', 'modify-3', 'modify-3', 'modify-2', 'modify-3', 'modify-2', 'modify-2']"
pro20_ade_p2,0.2463768115942029,Random,"['same', 'same', 'same', 'same', 'same', 'modify-1', 'same', 'modify-1', 'modify-1', 'same', 'modify-1', 'same', 'modify-1', 'modify-1', 'same', 'same', 'same', 'modify-1', 'same', 'same', 'same', 'same', 'modify-1', 'same', 'same', 'modify-1', 'same', 'same', 'modify-1', 'modify-1', 'same', 'modify-2', 'modify-1', 'modify-1', 'modify-1', 'same', 'same', 'same', 'modify-1', 'same', 'same', 'modify-1', 'same', 'same', 'same', 'modify-1', 'modify-1', 'same', 'modify-1', 'same', 'modify-1', 'modify-1', 'same', 'same', 'same', 'same', 'modify-2', 'modify-2', 'same', 'same', 'same', 'same', 'same', 'same', 'same', 'same', 'same', 'same', 'same']","['modify-3', 'same', 'modify-2', 'modify-2', 'modify-1', 'modify-2', 'same', 'modify-2', 'modify-1', 'same', 'modify-3', 'modify-1', 'modify-1', 'same', 'same', 'same', 'modify-2', 'modify-2', 'modify-1', 'modify-1', 'modify-3', 'modify-3', 'modify-1', 'modify-1', 'modify-2', 'modify-2', 'same', 'modify-1', 'modify-3', 'modify-2', 'modify-1', 'modify-2', 'same', 'modify-2', 'same', 'modify-2', 'same', 'same', 'modify-3', 'modify-1', 'same', 'modify-1', 'modify-1', 'modify-3', 'modify-2', 'modify-3', 'modify-3', 'modify-2', 'modify-2', 'same', 'same', 'modify-3', 'modify-2', 'same', 'modify-1', 'modify-3', 'modify-3', 'modify-3', 'modify-3', 'same', 'modify-3', 'modify-3', 'modify-3', 'modify-3', 'modify-1', 'modify-3', 'modify-3', 'modify-3', 'modify-3']"
pro21_ade_p2,0.3076923076923077,Random,"['same', 'modify-1', 'same', 'same', 'modify-1', 'same', 'modify-1', 'modify-1', 'same', 'same', 'same', 'modify-2', 'modify-2', 'same', 'same', 'same', 'same', 'same', 'same', 'same', 'same', 'same', 'same', 'same', 'modify-2', 'modify-2', 'same', 'modify-2', 'modify-2', 'same', 'same', 'same', 'modify-1', 'same', 'modify-1', 'modify-1', 'modify-1', 'same', 'modify-1', 'modify-1', 'same', 'same', 'same', 'modify-3', 'modify-3', 'same', 'modify-1', 'same', 'same', 'same', 'modify-1', 'same', 'modify-1', 'same', 'same', 'same', 'modify-1', 'modify-1', 'same', 'same', 'same', 'modify-1', 'same', 'same', 'same', 'modify-1', 'same', 'same', 'modify-1', 'modify-1', 'same', 'same', 'modify-1', 'same', 'same', 'same', 'same', 'same']","['modify-3', 'modify-1', 'modify-3', 'modify-3', 'modify-1', 'modify-3', 'modify-3', 'same', 'modify-3', 'same', 'modify-1', 'same', 'modify-2', 'modify-1', 'same', 'same', 'modify-1', 'modify-1', 'same', 'modify-3', 'modify-3', 'modify-1', 'modify-2', 'same', 'same', 'modify-1', 'modify-3', 'modify-1', 'modify-2', 'same', 'same', 'same', 'modify-1', 'modify-2', 'modify-2', 'modify-2', 'same', 'same', 'same', 'modify-1', 'same', 'modify-1', 'modify-2', 'modify-3', 'modify-3', 'modify-1', 'same', 'modify-3', 'same', 'modify-2', 'modify-2', 'modify-1', 'modify-3', 'modify-1', 'modify-3', 'modify-2', 'same', 'modify-1', 'modify-3', 'modify-2', 'modify-1', 'modify-1', 'modify-1', 'same', 'modify-1', 'same', 'modify-1', 'modify-2', 'modify-2', 'same', 'modify-3', 'modify-1', 'modify-1', 'modify-3', 'modify-1', 'modify-2', 'modify-3', 'same']"
pro22_ade_p2,0.22727272727272727,Random,"['modify-1', 'modify-1', 'modify-1', 'same', 'same', 'same', 'modify-1', 'modify-1', 'modify-1', 'modify-1', 'same', 'same', 'same', 'same', 'same', 'same', 'same', 'modify-1', 'modify-1', 'same', 'same', 'same', 'same', 'modify-1', 'modify-1', 'modify-1', 'same', 'same', 'same', 'modify-1', 'same', 'same', 'same', 'same', 'same', 'modify-1', 'modify-1', 'modify-1', 'modify-1', 'modify-1', 'modify-1', 'modify-1', 'same', 'modify-1', 'modify-1', 'same', 'modify-1', 'modify-1', 'same', 'modify-1', 'same', 'modify-1', 'same', 'modify-1', 'modify-1', 'modify-1', 'same', 'same', 'modify-1', 'modify-2', 'modify-1', 'modify-2', 'modify-2', 'same', 'same', 'same', 'modify-1', 'same', 'same', 'modify-1', 'same', 'modify-1', 'modify-1', 'modify-1', 'modify-1', 'same', 'same', 'same', 'modify-2', 'modify-2', 'same', 'same', 'modify-1', 'modify-1', 'same', 'same', 'same', 'same']","['same', 'same', 'same', 'modify-3', 'modify-1', 'same', 'modify-2', 'modify-1', 'modify-2', 'modify-1', 'modify-3', 'modify-2', 'modify-1', 'modify-2', 'modify-2', 'modify-1', 'modify-3', 'modify-2', 'modify-3', 'modify-3', 'modify-2', 'same', 'modify-2', 'modify-1', 'modify-2', 'modify-2', 'same', 'same', 'modify-3', 'modify-3', 'same', 'same', 'modify-1', 'modify-2', 'modify-1', 'modify-2', 'modify-2', 'modify-2', 'modify-3', 'modify-1', 'modify-2', 'same', 'modify-3', 'modify-1', 'modify-3', 'modify-3', 'modify-2', 'modify-1', 'modify-2', 'modify-1', 'same', 'modify-2', 'modify-1', 'modify-3', 'modify-3', 'modify-1', 'modify-2', 'modify-2', 'same', 'same', 'modify-2', 'same', 'modify-3', 'modify-3', 'modify-3', 'modify-1', 'modify-3', 'modify-2', 'same', 'modify-2', 'modify-3', 'modify-2', 'modify-3', 'modify-2', 'same', 'same', 'same', 'modify-1', 'modify-3', 'modify-1', 'same', 'modify-3', 'modify-2', 'modify-3', 'modify-3', 'same', 'modify-1', 'modify-1']"
pro23_acf_p2,0.1941747572815534,Random,"['modify-1', 'same', 'same', 'same', 'same', 'same', 'same', 'same', 'modify-1', 'modify-1', 'modify-1', 'modify-1', 'modify-1', 'modify-1', 'modify-1', 'modify-1', 'modify-2', 'same', 'same', 'modify-2', 'same', 'same', 'same', 'modify-3', 'modify-1', 'modify-2', 'same', 'modify-2', 'same', 'same', 'same', 'modify-2', 'same', 'modify-3', 'modify-2', 'modify-2', 'same', 'same', 'modify-2', 'same', 'same', 'same', 'same', 'modify-2', 'same', 'modify-2', 'same', 'same', 'same', 'same', 'same', 'same', 'same', 'same', 'same', 'same', 'same', 'same', 'same', 'same', 'same', 'same', 'modify-2', 'modify-2', 'modify-1', 'modify-1', 'modify-1', 'modify-1', 'same', 'same', 'same', 'same', 'same', 'same', 'same', 'same', 'same', 'same', 'same', 'same', 'modify-2', 'modify-2', 'same', 'same', 'same', 'modify-2', 'same', 'same', 'modify-1', 'modify-1', 'modify-1', 'modify-3', 'modify-2', 'modify-1', 'modify-1', 'modify-2', 'same', 'modify-2', 'same', 'modify-2', 'modify-2', 'same', 'same']","['modify-2', 'same', 'same', 'modify-1', 'modify-3', 'modify-2', 'modify-1', 'modify-3', 'same', 'same', 'same', 'modify-1', 'modify-2', 'modify-2', 'modify-2', 'modify-1', 'modify-3', 'modify-1', 'modify-1', 'modify-3', 'modify-1', 'modify-2', 'modify-1', 'modify-3', 'modify-3', 'modify-3', 'same', 'modify-3', 'modify-1', 'same', 'modify-2', 'modify-3', 'modify-2', 'modify-3', 'modify-2', 'modify-3', 'modify-2', 'modify-3', 'modify-3', 'modify-2', 'modify-2', 'modify-3', 'same', 'same', 'modify-3', 'modify-1', 'modify-1', 'modify-1', 'modify-1', 'modify-1', 'modify-2', 'modify-1', 'same', 'modify-3', 'modify-2', 'modify-1', 'modify-1', 'modify-2', 'modify-2', 'same', 'modify-2', 'modify-1', 'modify-2', 'modify-3', 'modify-1', 'same', 'modify-1', 'modify-3', 'modify-3', 'modify-1', 'modify-1', 'modify-3', 'modify-1', 'modify-3', 'same', 'modify-1', 'modify-2', 'modify-3', 'modify-1', 'modify-1', 'modify-1', 'modify-3', 'modify-1', 'modify-2', 'modify-3', 'modify-3', 'modify-1', 'modify-3', 'same', 'modify-2', 'modify-1', 'modify-3', 'modify-3', 'modify-3', 'modify-1', 'modify-2', 'modify-3', 'same', 'modify-2', 'same', 'same', 'modify-3', 'modify-3']"
pro24_adf_p2,0.2916666666666667,Random,"['same', 'modify-1', 'same', 'same', 'same', 'modify-1', 'modify-1', 'same', 'same', 'same', 'modify-2', 'modify-2', 'same', 'same', 'same', 'same', 'modify-1', 'modify-2', 'same', 'modify-1', 'same', 'same', 'same', 'same']","['same', 'modify-3', 'modify-1', 'same', 'modify-1', 'modify-1', 'same', 'modify-1', 'modify-1', 'modify-3', 'modify-2', 'modify-1', 'same', 'modify-1', 'modify-3', 'modify-1', 'modify-1', 'same', 'modify-2', 'same', 'modify-2', 'modify-2', 'same', 'modify-1']"
pro25_acf_p2,0.24,Random,"['same', 'same', 'modify-1', 'same', 'same', 'modify-1', 'same', 'same', 'same', 'same', 'same', 'modify-1', 'modify-1', 'same', 'modify-2', 'modify-2', 'modify-2', 'modify-2', 'modify-2', 'modify-2', 'same', 'same', 'same', 'same', 'same']","['modify-1', 'modify-2', 'modify-3', 'same', 'modify-1', 'modify-1', 'modify-1', 'modify-1', 'modify-3', 'modify-2', 'same', 'modify-2', 'modify-3', 'modify-1', 'modify-1', 'same', 'modify-1', 'same', 'modify-2', 'modify-2', 'modify-3', 'modify-2', 'same', 'modify-2', 'modify-1']"
pro29_ace_p2,0.3333333333333333,Random,"['modify-1', 'same', 'modify-1', 'same', 'modify-1', 'modify-1', 'same', 'modify-2', 'modify-2', 'same', 'same', 'same', 'same', 'same', 'same', 'same', 'same', 'same', 'same', 'same', 'same']","['same', 'same', 'modify-1', 'modify-2', 'same', 'modify-2', 'modify-1', 'modify-3', 'same', 'modify-2', 'same', 'modify-2', 'same', 'modify-1', 'modify-2', 'modify-3', 'modify-2', 'same', 'modify-1', 'same', 'same']"
pro31_adf_p2,0.21428571428571427,Random,"['same', 'modify-1', 'same', 'modify-1', 'modify-1', 'modify-2', 'modify-2', 'same', 'same', 'modify-1', 'same', 'same', 'modify-1', 'same']","['modify-2', 'same', 'modify-3', 'same', 'modify-3', 'modify-3', 'modify-2', 'modify-1', 'modify-1', 'modify-1', 'modify-3', 'same', 'same', 'modify-2']"
pro3_ace_p2,0.2727272727272727,Random,"['modify-1', 'same', 'same', 'modify-1', 'same', 'modify-1', 'modify-1', 'modify-2', 'modify-2', 'modify-3', 'modify-3', 'modify-2', 'modify-2', 'modify-2', 'modify-2', 'same', 'same', 'same', 'same', 'modify-1', 'modify-1', 'modify-1', 'same', 'same', 'same', 'same', 'same', 'modify-1', 'same', 'same', 'same', 'modify-1', 'same', 'modify-1', 'modify-2', 'same', 'modify-1', 'same', 'modify-1', 'same', 'same', 'modify-3', 'modify-2', 'same', 'same', 'same', 'same', 'same', 'same', 'same', 'same', 'modify-1', 'modify-1', 'same', 'same']","['same', 'modify-1', 'modify-2', 'modify-1', 'same', 'same', 'same', 'modify-2', 'modify-2', 'modify-1', 'modify-1', 'same', 'modify-1', 'modify-3', 'modify-2', 'modify-2', 'modify-2', 'same', 'same', 'modify-1', 'same', 'modify-2', 'same', 'modify-2', 'modify-1', 'modify-3', 'modify-2', 'same', 'same', 'modify-3', 'modify-3', 'modify-1', 'modify-2', 'modify-2', 'modify-2', 'same', 'same', 'modify-2', 'modify-3', 'modify-2', 'modify-2', 'modify-1', 'same', 'same', 'modify-2', 'modify-3', 'modify-3', 'modify-2', 'modify-3', 'same', 'modify-1', 'modify-3', 'same', 'modify-2', 'modify-2']"
pro5_adf_p2,0.22857142857142856,Random,"['same', 'modify-1', 'modify-1', 'modify-2', 'modify-2', 'same', 'same', 'same', 'same', 'same', 'same', 'same', 'same', 'same', 'same', 'same', 'same', 'same', 'same', 'same', 'same', 'same', 'same', 'same', 'same', 'same', 'same', 'same', 'same', 'same', 'modify-2', 'modify-2', 'modify-2', 'modify-2', 'modify-2', 'modify-2', 'modify-2', 'modify-2', 'same', 'modify-2', 'modify-2', 'same', 'same', 'same', 'same', 'same', 'same', 'same', 'same', 'same', 'same', 'same', 'same', 'same', 'same', 'same', 'same', 'same', 'same', 'same', 'same', 'modify-1', 'modify-1', 'modify-1', 'modify-1', 'modify-2', 'modify-2', 'same', 'same', 'same']","['same', 'same', 'modify-1', 'same', 'modify-3', 'modify-1', 'modify-2', 'modify-3', 'modify-2', 'modify-2', 'modify-1', 'same', 'same', 'modify-1', 'same', 'modify-2', 'same', 'modify-2', 'modify-1', 'modify-3', 'same', 'modify-1', 'modify-3', 'modify-2', 'modify-3', 'modify-2', 'modify-3', 'same', 'modify-3', 'modify-1', 'modify-2', 'same', 'modify-1', 'modify-1', 'modify-1', 'modify-3', 'modify-1', 'same', 'same', 'modify-2', 'modify-2', 'modify-2', 'modify-2', 'same', 'modify-2', 'modify-2', 'modify-1', 'same', 'modify-3', 'modify-1', 'modify-1', 'modify-3', 'modify-3', 'modify-3', 'modify-3', 'modify-1', 'modify-1', 'modify-2', 'modify-1', 'modify-2', 'modify-3', 'modify-1', 'modify-3', 'modify-2', 'same', 'modify-1', 'modify-1', 'modify-1', 'same', 'modify-2']"
pro8_acf_p2,0.2677165354330709,Random,"['modify-1', 'same', 'modify-1', 'modify-1', 'same', 'same', 'modify-2', 'modify-2', 'same', 'same', 'same', 'modify-2', 'same', 'same', 'same', 'same', 'modify-2', 'same', 'same', 'modify-2', 'same', 'same', 'modify-2', 'modify-1', 'same', 'modify-1', 'modify-1', 'same', 'same', 'modify-2', 'same', 'same', 'same', 'modify-2', 'modify-2', 'modify-2', 'modify-2', 'same', 'same', 'same', 'same', 'same', 'same', 'same', 'same', 'modify-2', 'same', 'modify-3', 'modify-2', 'same', 'modify-2', 'same', 'same', 'modify-2', 'same', 'modify-1', 'modify-1', 'same', 'same', 'modify-2', 'modify-2', 'modify-2', 'same', 'same', 'same', 'modify-1', 'modify-3', 'modify-2', 'same', 'same', 'same', 'same', 'same', 'same', 'same', 'same', 'same', 'same', 'same', 'same', 'same', 'same', 'same', 'same', 'modify-2', 'modify-2', 'same', 'same', 'same', 'same', 'same', 'same', 'same', 'same', 'same', 'same', 'same', 'same', 'same', 'same', 'same', 'same', 'same', 'modify-2', 'modify-2', 'same', 'same', 'same', 'same', 'same', 'modify-2', 'modify-2', 'same', 'same', 'same', 'same', 'same', 'same', 'same', 'same', 'same', 'same', 'same', 'same', 'same', 'same', 'same']","['modify-1', 'same', 'modify-2', 'same', 'same', 'modify-3', 'modify-2', 'same', 'modify-3', 'same', 'modify-2', 'modify-2', 'modify-2', 'modify-3', 'same', 'same', 'same', 'modify-2', 'modify-3', 'modify-1', 'modify-2', 'modify-1', 'modify-1', 'modify-2', 'modify-3', 'modify-2', 'same', 'modify-2', 'modify-1', 'modify-2', 'modify-3', 'modify-2', 'same', 'modify-2', 'modify-1', 'modify-3', 'same', 'modify-1', 'modify-2', 'modify-3', 'modify-3', 'same', 'modify-3', 'same', 'modify-2', 'same', 'modify-3', 'modify-2', 'same', 'modify-3', 'modify-3', 'modify-1', 'same', 'modify-2', 'modify-2', 'modify-1', 'modify-3', 'same', 'modify-3', 'same', 'modify-2', 'modify-2', 'modify-1', 'modify-1', 'modify-2', 'modify-3', 'modify-1', 'modify-1', 'modify-1', 'modify-1', 'modify-3', 'same', 'modify-3', 'same', 'modify-3', 'same', 'modify-3', 'modify-2', 'modify-2', 'modify-1', 'modify-1', 'modify-3', 'modify-3', 'modify-3', 'same', 'same', 'same', 'same', 'modify-3', 'modify-1', 'modify-2', 'modify-2', 'same', 'modify-3', 'same', 'same', 'modify-1', 'modify-3', 'modify-2', 'modify-3', 'same', 'modify-1', 'modify-2', 'modify-2', 'modify-1', 'same', 'same', 'modify-2', 'modify-3', 'modify-2', 'same', 'same', 'modify-1', 'modify-2', 'modify-3', 'modify-2', 'same', 'modify-1', 'modify-1', 'modify-3', 'modify-3', 'same', 'same', 'modify-1', 'modify-3', 'modify-1', 'modify-1']"
pro9_acf_p2,0.20833333333333334,Random,"['same', 'modify-1', 'same', 'same', 'modify-1', 'modify-1', 'modify-2', 'modify-2', 'modify-2', 'modify-2', 'same', 'same', 'same', 'same', 'same', 'modify-2', 'same', 'same', 'modify-2', 'same', 'same', 'same', 'same', 'same']","['modify-3', 'same', 'modify-2', 'same', 'modify-1', 'modify-1', 'modify-3', 'same', 'modify-3', 'modify-3', 'modify-2', 'modify-1', 'modify-2', 'modify-1', 'same', 'same', 'modify-1', 'modify-2', 'modify-3', 'modify-2', 'same', 'modify-1', 'modify-2', 'modify-3']"
stu10_acf_p2,0.23684210526315788,Random,"['modify-1', 'same', 'same', 'same', 'modify-1', 'modify-1', 'modify-2', 'modify-2', 'same', 'same', 'same', 'same', 'same', 'same', 'modify-2', 'same', 'modify-3', 'modify-3', 'same', 'same', 'modify-2', 'same', 'same', 'same', 'modify-2', 'modify-2', 'same', 'same', 'same', 'same', 'same', 'same', 'modify-2', 'modify-2', 'same', 'same', 'same', 'same']","['modify-2', 'modify-1', 'modify-2', 'modify-1', 'modify-1', 'same', 'modify-3', 'same', 'same', 'modify-3', 'modify-3', 'modify-2', 'modify-1', 'modify-3', 'same', 'modify-2', 'modify-3', 'modify-3', 'modify-1', 'same', 'modify-1', 'modify-1', 'modify-2', 'modify-1', 'modify-2', 'modify-2', 'modify-3', 'modify-3', 'modify-3', 'modify-2', 'same', 'modify-1', 'modify-1', 'modify-1', 'modify-3', 'same', 'modify-2', 'modify-2']"
stu11_adf_p2,0.3333333333333333,Random,"['modify-1', 'same', 'modify-1', 'modify-1', 'modify-2', 'modify-2', 'same', 'same', 'same', 'same', 'same', 'same', 'same', 'modify-1', 'same', 'modify-1', 'same', 'same']","['same', 'modify-3', 'modify-2', 'modify-1', 'modify-2', 'same', 'same', 'same', 'modify-2', 'modify-3', 'same', 'modify-1', 'modify-3', 'modify-1', 'modify-1', 'modify-2', 'modify-1', 'modify-2']"
stu13_acf_p2,0.22727272727272727,Random,"['same', 'same', 'same', 'modify-1', 'modify-1', 'same', 'same', 'same', 'same', 'same', 'same', 'modify-2', 'same', 'modify-3', 'modify-2', 'same', 'same', 'same', 'same', 'same', 'modify-2', 'same']","['modify-1', 'same', 'modify-1', 'modify-3', 'modify-3', 'modify-2', 'modify-2', 'modify-1', 'modify-2', 'modify-3', 'modify-1', 'modify-3', 'same', 'modify-3', 'modify-1', 'modify-2', 'modify-2', 'modify-3', 'same', 'modify-2', 'modify-1', 'same']"
stu15_ade_p2,0.2112676056338028,Random,"['same', 'modify-1', 'modify-1', 'modify-1', 'modify-1', 'modify-1', 'modify-1', 'same', 'same', 'modify-2', 'modify-2', 'same', 'same', 'same', 'same', 'same', 'modify-1', 'same', 'same', 'same', 'same', 'same', 'same', 'modify-1', 'same', 'modify-1', 'same', 'same', 'same', 'same', 'same', 'modify-1', 'modify-1', 'modify-1', 'same', 'modify-1', 'same', 'same', 'same', 'modify-1', 'same', 'same', 'modify-1', 'same', 'modify-1', 'same', 'same', 'same', 'same', 'same', 'modify-2', 'modify-2', 'same', 'same', 'same', 'same', 'modify-1', 'same', 'modify-1', 'same', 'same', 'same', 'modify-1', 'same', 'modify-1', 'same', 'modify-2', 'modify-2', 'same', 'same', 'modify-1', 'same', 'same', 'same', 'same', 'same', 'modify-1', 'same', 'same', 'same', 'same', 'same', 'modify-2', 'modify-2', 'same', 'same', 'modify-2', 'modify-2', 'same', 'same', 'same', 'modify-1', 'modify-1', 'modify-1', 'modify-1', 'same', 'same', 'modify-1', 'same', 'modify-1', 'modify-1', 'modify-1', 'same', 'modify-1', 'modify-1', 'same', 'modify-1', 'modify-1', 'same', 'modify-1', 'same', 'modify-1', 'same', 'modify-1', 'modify-2', 'modify-2', 'modify-2', 'modify-2', 'same', 'same', 'modify-1', 'same', 'modify-1', 'same', 'same', 'modify-1', 'modify-1', 'modify-2', 'same', 'modify-1', 'same', 'modify-1', 'modify-2', 'modify-2', 'same', 'same', 'same', 'same', 'same', 'same', 'same', 'same']","['same', 'modify-1', 'modify-2', 'modify-1', 'modify-1', 'modify-2', 'modify-1', 'modify-3', 'modify-3', 'modify-3', 'modify-3', 'modify-2', 'modify-1', 'modify-2', 'same', 'same', 'modify-3', 'modify-2', 'modify-2', 'modify-3', 'modify-3', 'same', 'modify-3', 'modify-2', 'modify-1', 'modify-2', 'modify-1', 'modify-2', 'modify-1', 'modify-2', 'same', 'modify-3', 'modify-1', 'modify-2', 'same', 'same', 'modify-2', 'modify-3', 'modify-2', 'modify-2', 'modify-1', 'modify-2', 'same', 'modify-2', 'modify-3', 'modify-1', 'modify-1', 'same', 'same', 'modify-2', 'modify-3', 'same', 'modify-3', 'same', 'modify-2', 'modify-3', 'same', 'modify-1', 'modify-3', 'modify-1', 'modify-1', 'modify-2', 'same', 'same', 'modify-1', 'modify-3', 'modify-1', 'modify-2', 'modify-2', 'modify-3', 'same', 'modify-2', 'modify-1', 'modify-2', 'modify-3', 'modify-2', 'modify-2', 'modify-3', 'modify-1', 'modify-1', 'same', 'modify-3', 'same', 'modify-1', 'modify-3', 'modify-2', 'modify-2', 'same', 'modify-1', 'modify-1', 'modify-3', 'same', 'same', 'modify-2', 'modify-3', 'modify-1', 'modify-3', 'modify-1', 'modify-2', 'modify-2', 'same', 'modify-1', 'modify-1', 'modify-1', 'modify-3', 'modify-2', 'same', 'modify-2', 'modify-3', 'modify-3', 'modify-2', 'same', 'modify-1', 'same', 'modify-3', 'same', 'modify-1', 'modify-1', 'same', 'modify-3', 'modify-2', 'modify-1', 'modify-2', 'same', 'modify-2', 'modify-1', 'modify-1', 'modify-3', 'same', 'modify-1', 'modify-2', 'modify-2', 'modify-1', 'modify-1', 'modify-3', 'same', 'modify-1', 'modify-3', 'modify-3', 'modify-1', 'modify-2', 'same']"
stu17_ace_p2,0.2222222222222222,Random,"['same', 'modify-1', 'modify-1', 'same', 'same', 'same', 'same', 'modify-2', 'modify-2', 'same', 'same', 'same', 'same', 'same', 'modify-1', 'same', 'modify-1', 'same']","['same', 'modify-2', 'modify-2', 'modify-1', 'modify-1', 'same', 'modify-3', 'modify-1', 'modify-2', 'modify-1', 'modify-1', 'modify-1', 'modify-1', 'modify-2', 'same', 'modify-2', 'modify-2', 'same']"
stu21_ace_p2,0.22302158273381295,Random,"['modify-1', 'same', 'same', 'modify-1', 'same', 'modify-1', 'same', 'same', 'same', 'modify-1', 'modify-1', 'same', 'same', 'modify-1', 'same', 'modify-1', 'same', 'modify-1', 'modify-1', 'same', 'modify-1', 'same', 'modify-1', 'modify-1', 'modify-1', 'modify-1', 'modify-1', 'modify-1', 'modify-1', 'same', 'same', 'same', 'modify-1', 'same', 'same', 'modify-1', 'modify-1', 'modify-1', 'modify-1', 'same', 'same', 'modify-1', 'same', 'modify-1', 'same', 'same', 'modify-1', 'modify-1', 'same', 'modify-1', 'same', 'modify-1', 'same', 'modify-1', 'same', 'same', 'modify-1', 'modify-1', 'modify-1', 'modify-1', 'same', 'same', 'modify-1', 'same', 'modify-1', 'same', 'same', 'same', 'same', 'modify-1', 'modify-1', 'same', 'same', 'modify-1', 'same', 'modify-1', 'same', 'same', 'same', 'modify-1', 'same', 'modify-1', 'same', 'modify-1', 'same', 'same', 'same', 'same', 'modify-1', 'same', 'modify-1', 'same', 'same', 'same', 'modify-1', 'modify-1', 'same', 'modify-1', 'modify-1', 'same', 'modify-2', 'modify-1', 'modify-1', 'modify-1', 'same', 'modify-1', 'same', 'modify-1', 'modify-1', 'same', 'modify-2', 'same', 'same', 'modify-2', 'modify-1', 'same', 'modify-1', 'same', 'modify-1', 'modify-1', 'modify-1', 'modify-1', 'modify-1', 'same', 'same', 'same', 'same', 'same', 'same', 'same', 'modify-1', 'same', 'modify-1', 'same', 'modify-1', 'modify-1', 'modify-1', 'modify-1', 'same']","['same', 'same', 'same', 'modify-2', 'same', 'modify-2', 'same', 'modify-2', 'modify-1', 'modify-3', 'modify-1', 'modify-1', 'same', 'modify-1', 'modify-1', 'same', 'modify-2', 'modify-2', 'same', 'same', 'modify-2', 'same', 'modify-2', 'modify-2', 'same', 'same', 'modify-3', 'modify-1', 'modify-1', 'same', 'modify-1', 'same', 'modify-1', 'modify-2', 'modify-2', 'same', 'modify-3', 'modify-1', 'modify-1', 'modify-1', 'modify-1', 'modify-3', 'same', 'modify-2', 'modify-3', 'modify-1', 'modify-1', 'modify-2', 'same', 'modify-2', 'modify-1', 'modify-3', 'modify-2', 'modify-1', 'modify-3', 'modify-3', 'same', 'modify-3', 'modify-1', 'same', 'modify-2', 'modify-1', 'modify-1', 'modify-1', 'same', 'modify-1', 'modify-2', 'modify-1', 'modify-1', 'modify-2', 'modify-2', 'modify-3', 'modify-1', 'same', 'modify-1', 'modify-3', 'modify-1', 'modify-1', 'same', 'modify-2', 'modify-3', 'modify-2', 'modify-1', 'modify-1', 'modify-3', 'same', 'modify-1', 'modify-3', 'modify-2', 'modify-2', 'modify-3', 'modify-1', 'modify-1', 'modify-3', 'same', 'same', 'modify-3', 'modify-2', 'same', 'same', 'modify-3', 'modify-3', 'same', 'modify-1', 'modify-2', 'same', 'modify-1', 'modify-2', 'modify-3', 'modify-3', 'modify-1', 'modify-3', 'modify-2', 'modify-3', 'modify-3', 'modify-3', 'modify-2', 'modify-1', 'same', 'modify-3', 'modify-3', 'modify-3', 'modify-1', 'modify-2', 'modify-2', 'modify-2', 'modify-3', 'modify-3', 'same', 'modify-1', 'modify-2', 'modify-3', 'same', 'modify-1', 'modify-2', 'modify-1', 'modify-2', 'modify-2', 'same']"
stu24_ace_p2,0.2962962962962963,Random,"['same', 'same', 'same', 'same', 'modify-1', 'modify-1', 'same', 'same', 'same', 'modify-2', 'modify-2', 'same', 'same', 'same', 'same', 'same', 'same', 'same', 'same', 'same', 'same', 'modify-1', 'same', 'modify-1', 'same', 'same', 'same']","['modify-2', 'same', 'same', 'modify-3', 'modify-1', 'same', 'modify-2', 'modify-2', 'modify-1', 'same', 'modify-1', 'modify-3', 'modify-2', 'modify-1', 'same', 'same', 'modify-1', 'same', 'modify-3', 'modify-2', 'modify-3', 'same', 'same', 'same', 'modify-3', 'same', 'modify-1']"
stu25_ace_p2,0.1388888888888889,Random,"['same', 'modify-1', 'modify-1', 'modify-2', 'modify-2', 'modify-2', 'modify-2', 'same', 'same', 'modify-2', 'modify-2', 'same', 'same', 'same', 'same', 'same', 'same', 'same', 'same', 'same', 'same', 'same', 'same', 'same', 'same', 'same', 'same', 'same', 'same', 'same', 'same', 'same', 'same', 'same', 'modify-1', 'same']","['modify-1', 'modify-2', 'modify-1', 'modify-3', 'modify-3', 'modify-2', 'modify-1', 'modify-2', 'same', 'modify-3', 'modify-1', 'modify-2', 'modify-2', 'modify-2', 'modify-2', 'modify-2', 'modify-3', 'modify-3', 'modify-3', 'modify-3', 'modify-3', 'modify-1', 'same', 'modify-1', 'same', 'modify-2', 'modify-1', 'modify-1', 'modify-3', 'modify-3', 'modify-3', 'modify-3', 'modify-2', 'modify-1', 'modify-3', 'modify-1']"
stu26_ace_p2,0.2631578947368421,Random,"['same', 'modify-1', 'same', 'modify-1', 'modify-1', 'same', 'same', 'modify-2', 'modify-2', 'same', 'same', 'same', 'same', 'same', 'same', 'same', 'same', 'same', 'same']","['modify-3', 'modify-3', 'modify-1', 'modify-1', 'same', 'modify-3', 'modify-1', 'modify-2', 'modify-2', 'modify-3', 'modify-3', 'same', 'modify-1', 'modify-2', 'modify-2', 'same', 'modify-3', 'modify-3', 'modify-2']"
stu29_ade_p2,0.25,Random,"['same', 'modify-1', 'modify-1', 'modify-2', 'modify-2', 'same', 'same', 'same', 'same', 'same', 'same', 'modify-1', 'same', 'modify-1', 'modify-1', 'same', 'same', 'same', 'same', 'same']","['same', 'modify-1', 'same', 'modify-1', 'modify-1', 'modify-1', 'modify-3', 'modify-1', 'same', 'modify-3', 'modify-1', 'modify-3', 'modify-3', 'modify-1', 'modify-2', 'modify-2', 'same', 'modify-1', 'modify-2', 'modify-3']"
stu30_adf_p2,0.2777777777777778,Random,"['modify-1', 'same', 'modify-1', 'modify-1', 'modify-2', 'modify-2', 'same', 'same', 'same', 'same', 'same', 'same', 'same', 'same', 'same', 'same', 'same', 'same']","['modify-3', 'modify-3', 'modify-3', 'modify-2', 'modify-2', 'modify-3', 'modify-1', 'same', 'modify-2', 'same', 'same', 'modify-3', 'modify-2', 'modify-2', 'same', 'modify-2', 'modify-2', 'modify-1']"
stu31_ade_p2,0.15384615384615385,Random,"['same', 'modify-1', 'modify-1', 'same', 'same', 'same', 'modify-1', 'modify-1', 'modify-1', 'modify-1', 'same', 'same', 'same', 'same', 'modify-1', 'same', 'same', 'same', 'modify-1', 'same', 'same', 'same', 'same', 'modify-1', 'modify-1', 'same', 'same', 'same', 'modify-3', 'modify-2', 'modify-1', 'modify-1', 'modify-1', 'same', 'same', 'same', 'same', 'same', 'same']","['modify-3', 'modify-2', 'modify-2', 'same', 'modify-2', 'modify-1', 'modify-2', 'modify-1', 'same', 'same', 'modify-3', 'modify-3', 'modify-2', 'modify-3', 'same', 'modify-3', 'modify-2', 'modify-1', 'modify-2', 'modify-3', 'modify-2', 'modify-1', 'modify-1', 'modify-3', 'same', 'modify-2', 'modify-3', 'same', 'modify-3', 'modify-1', 'same', 'modify-2', 'same', 'modify-3', 'same', 'same', 'modify-1', 'modify-1', 'modify-3']"
stu36_adf_p2,0.16,Random,"['modify-1', 'same', 'modify-1', 'modify-1', 'modify-2', 'modify-2', 'same', 'same', 'same', 'same', 'same', 'same', 'same', 'same', 'same', 'same', 'same', 'same', 'same', 'modify-1', 'same', 'modify-1', 'same', 'modify-1', 'same']","['modify-2', 'modify-1', 'modify-1', 'modify-1', 'modify-1', 'modify-3', 'modify-1', 'modify-2', 'modify-2', 'modify-1', 'modify-3', 'modify-2', 'modify-3', 'same', 'modify-3', 'modify-1', 'modify-3', 'modify-3', 'modify-3', 'modify-1', 'modify-2', 'same', 'modify-2', 'same', 'modify-1']"
stu37_adf_p2,0.23595505617977527,Random,"['modify-1', 'same', 'same', 'same', 'same', 'modify-1', 'modify-1', 'same', 'same', 'same', 'same', 'same', 'modify-2', 'modify-2', 'same', 'same', 'modify-1', 'same', 'modify-1', 'modify-1', 'modify-1', 'modify-1', 'modify-1', 'modify-1', 'modify-2', 'same', 'same', 'same', 'modify-2', 'same', 'modify-1', 'same', 'same', 'same', 'same', 'modify-2', 'modify-2', 'modify-2', 'modify-2', 'modify-2', 'modify-2', 'modify-1', 'modify-1', 'modify-1', 'modify-1', 'modify-2', 'modify-2', 'same', 'same', 'same', 'same', 'same', 'same', 'same', 'same', 'same', 'same', 'same', 'same', 'same', 'same', 'same', 'same', 'same', 'same', 'same', 'same', 'same', 'same', 'same', 'same', 'same', 'same', 'modify-2', 'modify-2', 'modify-1', 'modify-1', 'modify-1', 'modify-1', 'same', 'same', 'same', 'same', 'same', 'same', 'same', 'same', 'same', 'same']","['modify-3', 'same', 'modify-1', 'modify-2', 'modify-3', 'same', 'modify-3', 'modify-1', 'modify-1', 'modify-2', 'same', 'modify-1', 'same', 'modify-3', 'modify-3', 'modify-2', 'modify-2', 'same', 'modify-3', 'modify-2', 'modify-3', 'modify-1', 'modify-2', 'modify-1', 'modify-3', 'modify-2', 'modify-3', 'modify-2', 'modify-3', 'modify-3', 'modify-1', 'modify-2', 'modify-2', 'same', 'modify-3', 'modify-2', 'modify-1', 'same', 'modify-1', 'modify-3', 'modify-3', 'modify-1', 'modify-2', 'modify-2', 'modify-1', 'modify-2', 'modify-3', 'modify-1', 'modify-1', 'same', 'modify-3', 'modify-2', 'same', 'modify-3', 'modify-2', 'modify-1', 'modify-2', 'modify-3', 'same', 'modify-2', 'same', 'modify-1', 'modify-1', 'same', 'modify-2', 'modify-2', 'modify-2', 'modify-3', 'modify-1', 'modify-1', 'modify-1', 'same', 'same', 'modify-3', 'same', 'same', 'same', 'modify-2', 'modify-1', 'modify-2', 'modify-3', 'same', 'modify-2', 'modify-3', 'modify-3', 'modify-2', 'modify-1', 'same', 'modify-3']"
stu38_acf_p2,0.3333333333333333,Random,"['same', 'same', 'same', 'same', 'modify-1', 'modify-1', 'modify-1', 'modify-1', 'modify-1', 'modify-1', 'modify-2', 'same', 'same', 'same', 'same', 'same', 'same', 'same', 'same', 'modify-2', 'same', 'modify-2', 'same', 'same', 'same', 'modify-2', 'modify-2', 'modify-2', 'modify-2', 'modify-2', 'same', 'modify-2', 'same', 'same', 'modify-2', 'same', 'same', 'modify-1', 'same', 'same', 'same', 'same']","['modify-1', 'modify-1', 'modify-3', 'modify-2', 'modify-2', 'modify-3', 'modify-3', 'modify-3', 'modify-1', 'modify-3', 'modify-1', 'same', 'same', 'modify-2', 'modify-2', 'modify-3', 'modify-1', 'same', 'modify-1', 'modify-2', 'modify-1', 'modify-2', 'modify-2', 'modify-3', 'same', 'same', 'modify-3', 'modify-1', 'modify-2', 'modify-3', 'same', 'modify-2', 'same', 'same', 'modify-3', 'modify-2', 'modify-3', 'modify-2', 'modify-1', 'modify-1', 'same', 'same']"
stu39_adf_p2,0.31666666666666665,Random,"['modify-1', 'same', 'modify-1', 'modify-1', 'same', 'same', 'same', 'modify-1', 'same', 'same', 'modify-1', 'same', 'same', 'same', 'same', 'modify-1', 'modify-1', 'modify-1', 'modify-2', 'same', 'modify-1', 'modify-1', 'modify-1', 'modify-2', 'same', 'same', 'same', 'same', 'same', 'modify-2', 'same', 'modify-2', 'same', 'modify-1', 'modify-1', 'modify-2', 'modify-1', 'modify-1', 'same', 'same', 'modify-1', 'same', 'same', 'modify-1', 'modify-1', 'same', 'modify-1', 'modify-1', 'modify-1', 'same', 'same', 'modify-1', 'modify-1', 'modify-1', 'modify-1', 'modify-1', 'modify-1', 'modify-1', 'modify-1', 'same']","['modify-1', 'modify-1', 'modify-3', 'modify-3', 'modify-2', 'modify-1', 'same', 'modify-2', 'same', 'modify-2', 'modify-2', 'modify-2', 'modify-1', 'modify-3', 'modify-3', 'modify-1', 'modify-1', 'modify-2', 'modify-2', 'modify-3', 'modify-2', 'modify-3', 'same', 'modify-3', 'same', 'same', 'modify-3', 'same', 'same', 'modify-2', 'modify-2', 'modify-2', 'modify-1', 'modify-1', 'modify-1', 'modify-1', 'modify-1', 'modify-2', 'same', 'modify-2', 'modify-2', 'modify-1', 'modify-2', 'same', 'modify-3', 'modify-1', 'modify-3', 'modify-2', 'modify-1', 'modify-2', 'modify-3', 'modify-2', 'same', 'modify-3', 'modify-3', 'modify-3', 'modify-1', 'same', 'modify-2', 'same']"
stu3_acf_p2,0.28,Random,"['same', 'modify-2', 'modify-3', 'modify-1', 'modify-2', 'modify-2', 'same', 'same', 'same', 'same', 'same', 'same', 'same', 'same', 'same', 'modify-2', 'same', 'modify-2', 'modify-2', 'modify-2', 'modify-2', 'same', 'same', 'modify-2', 'same', 'modify-2', 'same', 'same', 'modify-3', 'same', 'same', 'same', 'same', 'same', 'same', 'same', 'modify-3', 'same', 'modify-2', 'same', 'same', 'modify-2', 'modify-3', 'same', 'same', 'modify-3', 'same', 'same', 'same', 'same', 'modify-3', 'modify-3', 'same', 'modify-2', 'same', 'same', 'modify-2', 'modify-2', 'modify-2', 'same', 'same', 'same', 'same', 'same', 'same', 'same', 'same', 'same', 'same', 'same', 'same', 'same', 'same', 'same', 'same']","['modify-3', 'modify-3', 'modify-2', 'same', 'modify-3', 'modify-2', 'modify-3', 'same', 'same', 'modify-3', 'modify-1', 'modify-3', 'same', 'same', 'same', 'modify-1', 'modify-2', 'same', 'modify-2', 'modify-3', 'same', 'modify-2', 'same', 'modify-3', 'modify-2', 'modify-2', 'same', 'modify-2', 'modify-3', 'modify-3', 'modify-1', 'same', 'modify-1', 'same', 'modify-3', 'same', 'modify-1', 'modify-1', 'modify-3', 'modify-2', 'modify-3', 'modify-1', 'modify-3', 'same', 'modify-3', 'modify-1', 'modify-2', 'modify-2', 'same', 'modify-3', 'modify-2', 'modify-2', 'modify-3', 'modify-3', 'same', 'same', 'same', 'same', 'modify-3', 'same', 'modify-3', 'modify-2', 'modify-2', 'modify-1', 'modify-2', 'modify-2', 'modify-3', 'modify-1', 'same', 'modify-1', 'modify-3', 'modify-3', 'modify-3', 'modify-1', 'modify-2']"
stu4_ade_p2,0.21621621621621623,Random,"['same', 'modify-1', 'modify-1', 'same', 'same', 'same', 'modify-1', 'modify-1', 'same', 'modify-1', 'same', 'same', 'same', 'same', 'same', 'same', 'same', 'modify-2', 'modify-2', 'same', 'same', 'modify-1', 'same', 'same', 'same', 'same', 'same', 'same', 'same', 'same', 'modify-1', 'same', 'same', 'same', 'same', 'modify-1', 'same']","['modify-3', 'modify-1', 'modify-3', 'modify-1', 'modify-3', 'modify-3', 'modify-1', 'modify-1', 'modify-1', 'modify-2', 'modify-3', 'modify-2', 'modify-1', 'modify-1', 'modify-2', 'same', 'modify-2', 'modify-1', 'modify-2', 'modify-3', 'modify-2', 'modify-2', 'modify-2', 'modify-2', 'modify-3', 'same', 'modify-2', 'modify-3', 'modify-1', 'same', 'modify-2', 'modify-2', 'modify-3', 'modify-3', 'same', 'modify-3', 'modify-2']"
stu6_acf_p2,0.19696969696969696,Random,"['modify-1', 'same', 'same', 'same', 'same', 'same', 'same', 'same', 'same', 'modify-2', 'same', 'modify-2', 'modify-2', 'modify-2', 'same', 'modify-2', 'modify-2', 'same', 'same', 'modify-1', 'same', 'same', 'modify-3', 'modify-2', 'modify-1', 'modify-1', 'modify-1', 'modify-1', 'modify-2', 'modify-2', 'modify-2', 'same', 'same', 'modify-2', 'same', 'same', 'same', 'same', 'same', 'modify-2', 'same', 'modify-2', 'modify-1', 'modify-1', 'modify-2', 'same', 'same', 'modify-2', 'modify-2', 'modify-1', 'same', 'modify-1', 'same', 'same', 'modify-1', 'same', 'same', 'modify-1', 'modify-1', 'same', 'modify-1', 'modify-1', 'same', 'modify-1', 'same', 'same']","['modify-2', 'same', 'modify-3', 'modify-3', 'modify-3', 'modify-3', 'modify-3', 'same', 'modify-1', 'same', 'modify-3', 'modify-2', 'modify-1', 'modify-3', 'modify-1', 'modify-1', 'same', 'modify-3', 'modify-1', 'modify-3', 'modify-1', 'modify-2', 'modify-2', 'modify-1', 'same', 'same', 'modify-1', 'modify-2', 'same', 'modify-3', 'modify-3', 'modify-1', 'modify-3', 'same', 'modify-2', 'same', 'modify-2', 'modify-1', 'modify-3', 'modify-1', 'same', 'same', 'modify-2', 'modify-2', 'modify-1', 'modify-2', 'same', 'modify-1', 'modify-2', 'modify-1', 'modify-2', 'modify-1', 'modify-3', 'modify-1', 'modify-3', 'same', 'modify-1', 'same', 'modify-1', 'modify-2', 'modify-2', 'modify-3', 'modify-3', 'modify-3', 'modify-3', 'same']"
stu7_ade_p2,0.375,Random,"['same', 'modify-1', 'same', 'modify-1', 'modify-1', 'modify-1', 'same', 'same', 'same', 'same', 'modify-1', 'modify-1', 'modify-1', 'modify-1', 'same', 'modify-1', 'modify-1', 'same', 'same', 'same', 'modify-1', 'same', 'modify-1', 'same', 'modify-1', 'modify-1', 'modify-1', 'modify-1', 'same', 'same', 'modify-1', 'modify-1', 'same', 'same', 'same', 'modify-1', 'same', 'same', 'modify-1', 'same']","['modify-2', 'modify-3', 'modify-3', 'same', 'modify-1', 'modify-2', 'modify-1', 'modify-1', 'same', 'modify-1', 'modify-3', 'same', 'same', 'modify-1', 'modify-1', 'modify-1', 'modify-3', 'same', 'modify-3', 'same', 'modify-1', 'same', 'modify-3', 'same', 'modify-1', 'modify-3', 'same', 'modify-3', 'same', 'modify-3', 'modify-1', 'modify-3', 'same', 'same', 'modify-3', 'same', 'same', 'modify-1', 'modify-3', 'modify-3']"
