User,Accuracy,Algorithm,StateAccuracy,Predictions,GroundTruth
pro10_bdf_p1,0.7222222222222222,Greedy,"[None, None, None]","['modify-1', 'modify-1', 'same', 'same', 'modify-2', 'same', 'same', 'same', 'same', 'same', 'same', 'same', 'same', 'same', 'same', 'same', 'same', 'same']","['modify-1', 'same', 'modify-1', 'modify-1', 'modify-1', 'same', 'modify-1', 'same', 'same', 'same', 'same', 'same', 'same', 'same', 'same', 'same', 'same', 'same']"
pro11_bcf_p1,0.5977011494252874,Greedy,"[None, None, None]","['same', 'same', 'same', 'same', 'same', 'same', 'same', 'same', 'same', 'modify-2', 'same', 'same', 'same', 'same', 'same', 'same', 'same', 'same', 'same', 'same', 'same', 'same', 'same', 'same', 'same', 'same', 'same', 'same', 'same', 'same', 'same', 'same', 'same', 'same', 'same', 'same', 'same', 'same', 'same', 'same', 'same', 'same', 'same', 'same', 'same', 'same', 'same', 'same', 'same', 'same', 'same', 'same', 'same', 'same', 'same', 'same', 'same', 'same', 'same', 'same', 'same', 'same', 'same', 'same', 'same', 'same', 'same', 'same', 'same', 'same', 'same', 'same', 'same', 'same', 'same', 'same', 'same', 'same', 'same', 'same', 'same', 'same', 'same', 'same', 'same', 'same', 'same']","['modify-1', 'same', 'same', 'same', 'same', 'same', 'modify-2', 'modify-3', 'modify-1', 'modify-2', 'modify-2', 'modify-2', 'modify-2', 'same', 'modify-2', 'same', 'same', 'same', 'modify-2', 'same', 'same', 'modify-2', 'same', 'same', 'same', 'same', 'same', 'same', 'same', 'same', 'same', 'same', 'same', 'same', 'modify-2', 'modify-2', 'same', 'same', 'same', 'same', 'modify-1', 'same', 'same', 'modify-1', 'modify-1', 'modify-1', 'same', 'modify-1', 'same', 'modify-2', 'same', 'modify-2', 'modify-2', 'modify-2', 'modify-1', 'same', 'modify-1', 'modify-1', 'modify-2', 'modify-2', 'same', 'same', 'modify-3', 'modify-1', 'same', 'modify-1', 'modify-1', 'modify-1', 'modify-1', 'same', 'same', 'same', 'same', 'same', 'modify-2', 'same', 'modify-2', 'same', 'same', 'same', 'same', 'same', 'same', 'same', 'same', 'modify-2', 'same']"
pro12_bdf_p1,0.4714285714285714,Greedy,"[None, None, None]","['same', 'same', 'same', 'same', 'same', 'modify-1', 'same', 'same', 'same', 'same', 'same', 'same', 'same', 'same', 'same', 'same', 'same', 'same', 'same', 'same', 'same', 'same', 'same', 'same', 'same', 'same', 'same', 'same', 'same', 'same', 'same', 'same', 'same', 'same', 'same', 'same', 'same', 'modify-1', 'same', 'modify-1', 'modify-1', 'modify-1', 'same', 'same', 'same', 'same', 'same', 'same', 'same', 'same', 'same', 'same', 'same', 'same', 'same', 'same', 'same', 'same', 'same', 'same', 'same', 'modify-1', 'same', 'same', 'same', 'same', 'same', 'same', 'same', 'same']","['same', 'same', 'modify-1', 'modify-1', 'modify-1', 'modify-3', 'modify-1', 'same', 'same', 'same', 'modify-1', 'modify-1', 'same', 'same', 'modify-1', 'same', 'same', 'same', 'modify-1', 'modify-2', 'modify-1', 'modify-1', 'same', 'same', 'modify-1', 'same', 'same', 'same', 'modify-1', 'same', 'modify-1', 'modify-1', 'modify-1', 'modify-1', 'same', 'modify-1', 'modify-1', 'modify-2', 'same', 'same', 'modify-2', 'same', 'same', 'modify-1', 'same', 'modify-1', 'same', 'modify-1', 'modify-1', 'modify-2', 'modify-2', 'same', 'same', 'same', 'same', 'same', 'same', 'modify-1', 'same', 'modify-2', 'modify-2', 'same', 'modify-1', 'same', 'modify-1', 'same', 'same', 'modify-1', 'same', 'same']"
pro14_bdf_p1,0.5833333333333334,Greedy,"[None, None, None]","['modify-1', 'modify-1', 'same', 'same', 'modify-1', 'modify-1', 'modify-1', 'same', 'same', 'same', 'same', 'same', 'same', 'same', 'same', 'same', 'same', 'same', 'same', 'same', 'modify-2', 'modify-2', 'same', 'modify-2', 'same', 'same', 'same', 'same', 'same', 'same', 'same', 'same', 'same', 'same', 'same', 'same']","['modify-1', 'modify-1', 'modify-1', 'modify-1', 'same', 'modify-1', 'modify-1', 'same', 'modify-1', 'modify-1', 'same', 'same', 'modify-1', 'same', 'same', 'same', 'same', 'same', 'modify-1', 'same', 'modify-1', 'modify-1', 'modify-2', 'modify-1', 'modify-1', 'modify-1', 'same', 'modify-1', 'same', 'same', 'same', 'same', 'same', 'modify-1', 'same', 'same']"
pro16_bce_p1,0.8421052631578947,Greedy,"[None, None, None]","['same', 'same', 'same', 'same', 'modify-2', 'same', 'same', 'same', 'same', 'same', 'same', 'same', 'same', 'same', 'same', 'same', 'same', 'same', 'same']","['same', 'same', 'modify-1', 'modify-1', 'same', 'same', 'same', 'same', 'same', 'same', 'same', 'same', 'same', 'same', 'same', 'same', 'same', 'same', 'same']"
pro19_bcf_p1,0.5166666666666667,Greedy,"[None, None, None]","['same', 'same', 'same', 'same', 'same', 'same', 'modify-2', 'same', 'same', 'same', 'same', 'same', 'same', 'same', 'same', 'same', 'same', 'same', 'same', 'same', 'same', 'same', 'same', 'same', 'same', 'same', 'same', 'modify-2', 'modify-2', 'modify-1', 'modify-1', 'modify-2', 'modify-1', 'modify-1', 'same', 'same', 'modify-3', 'same', 'same', 'same', 'same', 'modify-2', 'modify-2', 'modify-2', 'same', 'same', 'same', 'same', 'same', 'same', 'same', 'same', 'same', 'same', 'same', 'same', 'same', 'same', 'same', 'same']","['same', 'same', 'same', 'same', 'modify-1', 'modify-1', 'modify-2', 'modify-2', 'modify-2', 'modify-2', 'same', 'same', 'same', 'same', 'same', 'same', 'same', 'same', 'same', 'same', 'modify-2', 'same', 'modify-2', 'modify-2', 'same', 'modify-2', 'same', 'modify-3', 'same', 'same', 'same', 'same', 'same', 'same', 'modify-2', 'modify-2', 'modify-2', 'same', 'modify-2', 'modify-3', 'modify-2', 'modify-2', 'modify-1', 'same', 'same', 'same', 'same', 'same', 'modify-1', 'same', 'same', 'modify-1', 'same', 'same', 'modify-1', 'same', 'modify-1', 'modify-2', 'same', 'same']"
pro1_bcf_p1,0.4642857142857143,Greedy,"[None, None, None]","['modify-1', 'same', 'same', 'same', 'modify-2', 'same', 'modify-1', 'same', 'same', 'same', 'same', 'same', 'same', 'same', 'same', 'same', 'same', 'same', 'same', 'same', 'modify-1', 'same', 'same', 'same', 'same', 'same', 'same', 'same']","['modify-1', 'same', 'modify-1', 'modify-1', 'modify-2', 'modify-2', 'modify-2', 'same', 'modify-2', 'same', 'same', 'modify-2', 'same', 'same', 'modify-2', 'modify-2', 'modify-2', 'modify-2', 'modify-2', 'modify-2', 'modify-2', 'same', 'modify-2', 'same', 'same', 'modify-2', 'same', 'same']"
pro26_bde_p1,0.5192307692307693,Greedy,"[None, None, None]","['same', 'same', 'same', 'same', 'same', 'same', 'same', 'same', 'same', 'same', 'modify-2', 'same', 'same', 'same', 'same', 'same', 'same', 'same', 'same', 'same', 'same', 'same', 'same', 'same', 'same', 'same', 'same', 'same', 'same', 'same', 'same', 'same', 'same', 'same', 'same', 'same', 'same', 'same', 'same', 'same', 'same', 'same', 'same', 'same', 'same', 'same', 'same', 'same', 'same', 'same', 'same', 'same']","['same', 'same', 'modify-1', 'same', 'same', 'modify-1', 'same', 'modify-1', 'modify-1', 'modify-1', 'same', 'same', 'modify-1', 'same', 'modify-3', 'modify-2', 'same', 'modify-1', 'modify-1', 'modify-1', 'modify-2', 'modify-2', 'modify-1', 'modify-1', 'same', 'modify-1', 'same', 'modify-1', 'same', 'same', 'same', 'modify-1', 'same', 'same', 'modify-1', 'modify-1', 'same', 'modify-1', 'same', 'same', 'same', 'modify-1', 'same', 'same', 'same', 'same', 'same', 'modify-1', 'same', 'modify-1', 'same', 'same']"
pro27_bcf_p1,0.7090909090909091,Greedy,"[None, None, None]","['modify-1', 'modify-1', 'modify-2', 'modify-2', 'same', 'same', 'same', 'same', 'same', 'same', 'same', 'same', 'same', 'same', 'same', 'same', 'same', 'same', 'same', 'same', 'same', 'same', 'same', 'same', 'same', 'same', 'same', 'same', 'same', 'same', 'same', 'same', 'same', 'same', 'same', 'same', 'same', 'same', 'same', 'same', 'same', 'same', 'modify-1', 'same', 'same', 'same', 'same', 'same', 'same', 'same', 'same', 'same', 'same', 'same', 'same', 'same', 'same', 'modify-2', 'same', 'same', 'same', 'same', 'same', 'same', 'same', 'same', 'same', 'same', 'same', 'same', 'same', 'same', 'same', 'same', 'same', 'same', 'same', 'same', 'same', 'same', 'same', 'same', 'same', 'same', 'same', 'same', 'same', 'same', 'same', 'same', 'same', 'same', 'same', 'same', 'same', 'same', 'same', 'same', 'same', 'same', 'same', 'same', 'same', 'same', 'same', 'same', 'same', 'same', 'same', 'same']","['modify-1', 'same', 'modify-1', 'same', 'same', 'same', 'same', 'same', 'modify-2', 'same', 'same', 'modify-2', 'same', 'modify-2', 'modify-3', 'modify-1', 'same', 'same', 'same', 'same', 'same', 'same', 'same', 'same', 'same', 'same', 'same', 'modify-2', 'same', 'same', 'same', 'same', 'modify-1', 'same', 'same', 'same', 'same', 'modify-1', 'same', 'same', 'modify-1', 'modify-3', 'same', 'same', 'same', 'same', 'modify-2', 'same', 'modify-1', 'same', 'modify-2', 'same', 'same', 'same', 'same', 'modify-2', 'modify-2', 'modify-1', 'modify-1', 'same', 'same', 'modify-2', 'same', 'same', 'same', 'same', 'modify-2', 'same', 'same', 'same', 'same', 'same', 'same', 'same', 'same', 'modify-1', 'same', 'same', 'modify-2', 'same', 'same', 'modify-1', 'modify-1', 'modify-1', 'same', 'modify-2', 'modify-2', 'same', 'same', 'same', 'same', 'same', 'same', 'same', 'same', 'same', 'same', 'same', 'same', 'same', 'same', 'modify-2', 'modify-2', 'same', 'same', 'same', 'same', 'same', 'same', 'same']"
pro28_bce_p1,0.53125,Greedy,"[None, None, None]","['same', 'same', 'modify-1', 'modify-1', 'modify-1', 'modify-1', 'same', 'same', 'same', 'modify-1', 'same', 'same', 'same', 'same', 'same', 'same', 'same', 'modify-1', 'same', 'same', 'same', 'same', 'same', 'modify-2', 'same', 'same', 'same', 'modify-1', 'same', 'same', 'same', 'same']","['modify-1', 'same', 'modify-1', 'modify-1', 'modify-1', 'same', 'same', 'modify-1', 'modify-1', 'same', 'same', 'modify-1', 'same', 'same', 'same', 'modify-1', 'modify-1', 'modify-1', 'same', 'modify-1', 'same', 'modify-1', 'modify-1', 'same', 'same', 'modify-1', 'modify-1', 'modify-1', 'same', 'modify-1', 'same', 'same']"
pro2_bce_p1,0.5,Greedy,"[None, None, None]","['modify-1', 'modify-1', 'same', 'same', 'same', 'same', 'same', 'same', 'same', 'same', 'same', 'same', 'same', 'modify-2', 'same', 'same', 'same', 'modify-1', 'same', 'same', 'same', 'same', 'same', 'same', 'same', 'same', 'same', 'same', 'same', 'same', 'same', 'same', 'same', 'same', 'same', 'same', 'same', 'same', 'same', 'same', 'modify-2', 'same', 'same', 'modify-1', 'modify-1', 'same', 'same', 'same', 'same', 'modify-2', 'same', 'modify-1', 'same', 'same', 'same', 'same', 'same', 'same', 'same', 'same', 'same', 'same', 'same', 'modify-2', 'modify-2', 'modify-2', 'same', 'modify-2', 'same', 'same', 'same', 'same', 'same', 'same', 'same', 'same', 'same', 'same', 'same', 'same', 'same', 'same', 'modify-2', 'modify-2', 'modify-2', 'modify-2', 'same', 'same', 'same', 'same', 'same', 'same', 'same', 'same', 'same', 'same', 'same', 'same', 'same', 'same', 'same', 'same', 'same', 'same', 'same', 'same', 'same', 'same', 'same', 'same', 'same', 'same', 'same', 'same', 'same', 'same', 'same', 'same', 'same', 'same', 'same', 'same', 'same', 'same', 'same', 'same', 'same', 'same', 'same', 'same', 'same', 'same', 'same', 'same', 'same', 'same', 'same', 'same', 'same', 'same']","['modify-1', 'modify-1', 'same', 'same', 'same', 'modify-1', 'same', 'same', 'same', 'modify-1', 'same', 'modify-1', 'modify-1', 'same', 'same', 'modify-1', 'modify-3', 'modify-2', 'same', 'same', 'modify-2', 'modify-2', 'modify-2', 'modify-2', 'modify-1', 'same', 'same', 'modify-2', 'modify-2', 'modify-2', 'modify-2', 'modify-2', 'modify-2', 'modify-2', 'modify-2', 'same', 'modify-2', 'modify-2', 'modify-1', 'modify-1', 'same', 'modify-1', 'modify-1', 'modify-1', 'same', 'same', 'same', 'modify-1', 'modify-1', 'modify-1', 'modify-1', 'same', 'modify-1', 'same', 'same', 'modify-3', 'modify-2', 'same', 'same', 'same', 'same', 'modify-2', 'modify-2', 'modify-2', 'modify-2', 'modify-1', 'modify-1', 'same', 'same', 'same', 'same', 'modify-1', 'modify-1', 'same', 'modify-1', 'same', 'same', 'same', 'modify-1', 'same', 'modify-1', 'same', 'same', 'same', 'modify-1', 'same', 'same', 'same', 'same', 'same', 'modify-1', 'modify-1', 'same', 'same', 'same', 'same', 'same', 'same', 'same', 'same', 'same', 'modify-1', 'same', 'same', 'modify-1', 'modify-1', 'modify-3', 'modify-2', 'same', 'same', 'same', 'same', 'same', 'modify-1', 'same', 'modify-2', 'modify-3', 'modify-3', 'modify-3', 'modify-1', 'same', 'same', 'modify-1', 'same', 'same', 'same', 'modify-1', 'same', 'same', 'modify-2', 'modify-2', 'modify-1', 'same', 'modify-1', 'same', 'same', 'same', 'same', 'same', 'same']"
pro30_bde_p1,0.6363636363636364,Greedy,"[None, None, None]","['same', 'same', 'same', 'same', 'same', 'same', 'same', 'modify-2', 'same', 'same', 'same', 'same', 'same', 'same', 'same', 'same', 'same', 'same', 'same', 'same', 'same', 'same', 'same', 'same', 'same', 'same', 'same', 'modify-2', 'same', 'same', 'same', 'same', 'same']","['modify-1', 'same', 'same', 'same', 'same', 'modify-1', 'modify-1', 'same', 'same', 'same', 'same', 'same', 'same', 'same', 'same', 'same', 'same', 'modify-1', 'modify-1', 'modify-1', 'modify-1', 'same', 'same', 'same', 'modify-2', 'modify-1', 'modify-2', 'modify-1', 'same', 'same', 'same', 'same', 'same']"
pro32_bdf_p1,0.6111111111111112,Greedy,"[None, None, None]","['same', 'same', 'same', 'same', 'same', 'same', 'same', 'same', 'same', 'same', 'same', 'same', 'same', 'same', 'same', 'same', 'modify-1', 'modify-1']","['modify-1', 'same', 'same', 'same', 'same', 'modify-1', 'same', 'same', 'same', 'same', 'same', 'modify-1', 'same', 'same', 'modify-1', 'modify-2', 'same', 'same']"
pro4_bce_p1,0.71875,Greedy,"[None, None, None]","['same', 'same', 'same', 'same', 'same', 'same', 'modify-1', 'modify-1', 'same', 'same', 'same', 'same', 'same', 'same', 'modify-1', 'modify-1', 'modify-1', 'modify-1', 'modify-1', 'same', 'same', 'same', 'same', 'same', 'same', 'same', 'same', 'same', 'same', 'same', 'same', 'same']","['same', 'same', 'modify-1', 'same', 'modify-1', 'modify-1', 'modify-1', 'same', 'same', 'same', 'same', 'same', 'modify-1', 'same', 'modify-1', 'modify-1', 'modify-1', 'modify-1', 'same', 'same', 'modify-1', 'same', 'modify-1', 'modify-1', 'same', 'same', 'same', 'same', 'same', 'same', 'same', 'same']"
pro6_bde_p1,0.7647058823529411,Greedy,"[None, None, None]","['same', 'same', 'same', 'same', 'same', 'same', 'same', 'same', 'same', 'same', 'modify-2', 'same', 'same', 'same', 'same', 'same', 'same']","['same', 'modify-1', 'same', 'same', 'same', 'same', 'same', 'same', 'modify-1', 'modify-1', 'same', 'same', 'same', 'same', 'same', 'same', 'same']"
pro7_bde_p1,0.6470588235294118,Greedy,"[None, None, None]","['same', 'same', 'same', 'same', 'same', 'same', 'same', 'same', 'same', 'same', 'same', 'same', 'same', 'same', 'modify-1', 'same', 'same', 'same', 'same', 'same', 'same', 'same', 'same', 'same', 'same', 'same', 'modify-2', 'modify-2', 'modify-2', 'modify-2', 'modify-2', 'same', 'same', 'same', 'same', 'same', 'same', 'same', 'same', 'same', 'same', 'same', 'same', 'same', 'same', 'same', 'same', 'same', 'same', 'same', 'same']","['modify-1', 'same', 'same', 'same', 'same', 'same', 'same', 'same', 'same', 'modify-1', 'modify-1', 'same', 'modify-1', 'modify-1', 'modify-1', 'same', 'same', 'same', 'modify-1', 'same', 'modify-1', 'same', 'modify-1', 'same', 'modify-2', 'same', 'same', 'same', 'same', 'modify-2', 'modify-1', 'same', 'same', 'modify-1', 'same', 'same', 'same', 'same', 'modify-1', 'same', 'modify-1', 'same', 'same', 'same', 'same', 'same', 'modify-1', 'same', 'modify-1', 'same', 'same']"
stu12_bdf_p1,0.4426229508196721,Greedy,"[None, None, None]","['same', 'same', 'same', 'same', 'same', 'same', 'same', 'same', 'modify-2', 'same', 'same', 'same', 'same', 'same', 'same', 'same', 'same', 'same', 'modify-2', 'same', 'same', 'modify-2', 'same', 'same', 'same', 'same', 'same', 'same', 'same', 'same', 'same', 'same', 'same', 'same', 'same', 'same', 'same', 'same', 'same', 'same', 'same', 'same', 'modify-2', 'same', 'same', 'same', 'same', 'same', 'same', 'same', 'same', 'modify-1', 'modify-1', 'modify-1', 'modify-1', 'modify-1', 'modify-1', 'same', 'same', 'modify-1', 'modify-1']","['modify-1', 'same', 'modify-1', 'same', 'modify-1', 'same', 'modify-1', 'modify-1', 'same', 'same', 'same', 'same', 'same', 'same', 'same', 'same', 'modify-1', 'modify-1', 'modify-1', 'modify-1', 'modify-1', 'same', 'same', 'same', 'same', 'same', 'same', 'same', 'same', 'same', 'modify-1', 'modify-1', 'modify-1', 'modify-1', 'same', 'modify-1', 'modify-1', 'same', 'modify-1', 'modify-1', 'modify-2', 'modify-1', 'same', 'modify-1', 'same', 'same', 'same', 'same', 'modify-1', 'modify-1', 'modify-1', 'same', 'same', 'same', 'modify-1', 'modify-1', 'same', 'modify-1', 'modify-1', 'modify-1', 'same']"
stu14_bcf_p1,0.6206896551724138,Greedy,"[None, None, None]","['same', 'same', 'same', 'modify-1', 'modify-1', 'modify-1', 'modify-2', 'modify-2', 'modify-2', 'modify-2', 'modify-2', 'modify-1', 'modify-1', 'modify-1', 'modify-1', 'same', 'same', 'same', 'same', 'same', 'same', 'same', 'same', 'same', 'same', 'same', 'same', 'same', 'same']","['same', 'modify-1', 'same', 'modify-1', 'modify-1', 'same', 'same', 'same', 'same', 'modify-1', 'modify-1', 'same', 'same', 'modify-1', 'modify-1', 'same', 'same', 'same', 'same', 'same', 'same', 'same', 'modify-2', 'same', 'same', 'modify-1', 'same', 'same', 'same']"
stu16_bcf_p1,0.611764705882353,Greedy,"[None, None, None]","['same', 'same', 'same', 'same', 'same', 'same', 'same', 'same', 'same', 'same', 'same', 'same', 'same', 'same', 'same', 'same', 'same', 'same', 'same', 'same', 'same', 'same', 'same', 'same', 'same', 'same', 'same', 'same', 'same', 'same', 'same', 'same', 'same', 'same', 'same', 'same', 'same', 'same', 'same', 'same', 'same', 'same', 'same', 'same', 'same', 'same', 'same', 'same', 'same', 'same', 'same', 'same', 'same', 'same', 'same', 'same', 'same', 'same', 'same', 'same', 'same', 'same', 'same', 'same', 'same', 'same', 'same', 'same', 'same', 'same', 'modify-1', 'modify-2', 'modify-2', 'modify-2', 'modify-2', 'same', 'same', 'same', 'same', 'same', 'same', 'same', 'same', 'same', 'same', 'same', 'same', 'same', 'same', 'same', 'same', 'same', 'same', 'same', 'same', 'same', 'same', 'same', 'same', 'same', 'same', 'same', 'same', 'same', 'same', 'same', 'same', 'same', 'same', 'same', 'same', 'same', 'same', 'same', 'same', 'same', 'same', 'same', 'same', 'same', 'same', 'same', 'same', 'same', 'same', 'modify-1', 'same', 'same', 'same', 'same', 'same', 'same', 'same', 'same', 'same', 'same', 'same', 'same', 'same', 'same', 'same', 'same', 'same', 'same', 'same', 'same', 'same', 'same', 'same', 'same', 'same', 'same', 'same', 'same', 'same', 'same', 'same', 'same', 'same', 'same', 'same', 'same', 'same', 'same', 'same', 'same', 'same', 'same', 'same', 'same']","['same', 'same', 'same', 'modify-1', 'same', 'same', 'same', 'same', 'same', 'modify-1', 'modify-1', 'same', 'modify-2', 'same', 'same', 'same', 'modify-3', 'modify-2', 'same', 'same', 'same', 'same', 'same', 'same', 'same', 'same', 'same', 'same', 'same', 'modify-2', 'same', 'same', 'modify-2', 'same', 'same', 'same', 'modify-1', 'same', 'modify-2', 'modify-2', 'same', 'same', 'modify-2', 'same', 'modify-3', 'modify-2', 'modify-2', 'modify-2', 'same', 'same', 'same', 'modify-2', 'same', 'same', 'same', 'same', 'same', 'same', 'same', 'same', 'same', 'modify-2', 'same', 'same', 'modify-2', 'same', 'same', 'modify-2', 'modify-2', 'modify-2', 'modify-2', 'modify-2', 'modify-2', 'modify-2', 'modify-2', 'modify-3', 'modify-3', 'modify-2', 'modify-2', 'modify-2', 'modify-2', 'same', 'same', 'same', 'same', 'same', 'modify-2', 'modify-2', 'same', 'same', 'same', 'same', 'modify-2', 'same', 'same', 'same', 'modify-2', 'same', 'same', 'same', 'same', 'modify-1', 'same', 'same', 'same', 'same', 'same', 'same', 'same', 'same', 'same', 'same', 'same', 'same', 'modify-2', 'same', 'same', 'same', 'modify-1', 'same', 'modify-2', 'same', 'modify-1', 'modify-3', 'modify-3', 'modify-3', 'modify-1', 'modify-2', 'modify-2', 'modify-2', 'modify-3', 'modify-3', 'modify-2', 'modify-2', 'modify-2', 'modify-2', 'modify-2', 'modify-2', 'same', 'modify-2', 'modify-2', 'same', 'same', 'same', 'same', 'same', 'same', 'same', 'same', 'modify-2', 'same', 'same', 'modify-2', 'same', 'same', 'modify-1', 'modify-1', 'modify-2', 'modify-2', 'modify-1', 'same', 'same', 'modify-2', 'modify-2', 'modify-2', 'same', 'modify-1', 'same', 'same', 'same']"
stu18_bde_p1,0.5853658536585366,Greedy,"[None, None, None]","['same', 'same', 'same', 'same', 'same', 'same', 'same', 'same', 'same', 'same', 'same', 'same', 'same', 'modify-2', 'same', 'same', 'same', 'same', 'same', 'same', 'same', 'same', 'same', 'same', 'same', 'same', 'same', 'same', 'same', 'same', 'same', 'same', 'same', 'same', 'same', 'same', 'same', 'same', 'same', 'same', 'same']","['modify-1', 'same', 'same', 'same', 'same', 'modify-1', 'modify-1', 'modify-1', 'modify-1', 'same', 'same', 'modify-1', 'modify-1', 'same', 'same', 'same', 'same', 'same', 'same', 'same', 'modify-2', 'modify-2', 'modify-2', 'modify-2', 'same', 'same', 'same', 'same', 'modify-1', 'modify-1', 'modify-1', 'same', 'same', 'same', 'same', 'same', 'modify-1', 'same', 'same', 'modify-1', 'same']"
stu19_bde_p1,0.6666666666666666,Greedy,"[None, None, None]","['same', 'same', 'same', 'same', 'same', 'same', 'same', 'same', 'same', 'same', 'same', 'same', 'same', 'same', 'same', 'same', 'same', 'same', 'same', 'same', 'same']","['modify-1', 'same', 'same', 'modify-1', 'modify-1', 'same', 'same', 'modify-1', 'same', 'same', 'same', 'same', 'same', 'modify-1', 'same', 'modify-1', 'same', 'same', 'modify-1', 'same', 'same']"
stu1_bce_p1,0.5299145299145299,Greedy,"[None, None, None]","['same', 'same', 'same', 'same', 'same', 'modify-2', 'same', 'same', 'same', 'same', 'same', 'same', 'same', 'same', 'same', 'modify-1', 'modify-1', 'modify-1', 'modify-1', 'modify-1', 'same', 'same', 'same', 'same', 'same', 'same', 'modify-1', 'modify-1', 'modify-1', 'modify-1', 'same', 'same', 'same', 'same', 'same', 'same', 'same', 'modify-2', 'modify-1', 'modify-1', 'modify-1', 'modify-1', 'modify-1', 'modify-1', 'modify-1', 'modify-1', 'modify-1', 'same', 'same', 'modify-1', 'modify-1', 'same', 'same', 'same', 'same', 'modify-1', 'modify-1', 'modify-1', 'modify-1', 'modify-1', 'same', 'same', 'same', 'same', 'same', 'same', 'same', 'same', 'same', 'same', 'same', 'same', 'same', 'same', 'same', 'modify-1', 'same', 'modify-1', 'modify-1', 'same', 'same', 'same', 'same', 'same', 'same', 'same', 'modify-1', 'modify-1', 'modify-1', 'modify-1', 'modify-1', 'modify-1', 'modify-1', 'same', 'same', 'modify-3', 'same', 'same', 'same', 'modify-3', 'same', 'same', 'same', 'same', 'same', 'same', 'same', 'same', 'same', 'same', 'same', 'same', 'same', 'modify-1', 'same', 'same', 'same']","['same', 'same', 'same', 'modify-1', 'modify-1', 'modify-1', 'same', 'same', 'modify-1', 'same', 'modify-1', 'same', 'same', 'modify-1', 'same', 'same', 'modify-1', 'modify-1', 'modify-1', 'same', 'same', 'same', 'modify-1', 'same', 'modify-1', 'modify-1', 'same', 'modify-1', 'modify-1', 'same', 'same', 'modify-1', 'same', 'modify-1', 'modify-2', 'modify-1', 'modify-1', 'modify-1', 'modify-1', 'modify-1', 'same', 'same', 'same', 'same', 'same', 'modify-1', 'same', 'modify-1', 'modify-1', 'modify-1', 'same', 'same', 'modify-2', 'modify-1', 'modify-1', 'modify-1', 'modify-1', 'modify-1', 'modify-1', 'modify-1', 'same', 'same', 'same', 'same', 'same', 'same', 'modify-2', 'modify-2', 'same', 'same', 'same', 'same', 'modify-2', 'modify-2', 'modify-1', 'modify-1', 'same', 'modify-1', 'modify-1', 'same', 'same', 'modify-1', 'same', 'same', 'modify-1', 'same', 'same', 'same', 'same', 'same', 'modify-1', 'modify-1', 'same', 'modify-1', 'modify-1', 'same', 'same', 'modify-1', 'modify-1', 'same', 'same', 'same', 'same', 'same', 'same', 'same', 'modify-1', 'same', 'modify-1', 'same', 'modify-1', 'modify-1', 'modify-1', 'same', 'same', 'same', 'same']"
stu20_bdf_p1,0.3125,Greedy,"[None, None, None]","['same', 'same', 'same', 'same', 'same', 'same', 'modify-1', 'modify-1', 'modify-1', 'modify-1', 'modify-1', 'modify-1', 'modify-1', 'modify-2', 'modify-2', 'modify-1']","['same', 'modify-1', 'same', 'modify-1', 'modify-1', 'modify-2', 'modify-2', 'modify-1', 'modify-1', 'same', 'same', 'modify-1', 'same', 'modify-1', 'same', 'same']"
stu22_bde_p1,0.4838709677419355,Greedy,"[None, None, None]","['modify-1', 'same', 'same', 'same', 'same', 'same', 'modify-1', 'modify-1', 'same', 'same', 'same', 'modify-1', 'same', 'modify-1', 'same', 'same', 'same', 'modify-2', 'same', 'same', 'same', 'same', 'same', 'same', 'same', 'same', 'same', 'same', 'same', 'same', 'modify-2', 'same', 'same', 'same', 'same', 'same', 'same', 'same', 'same', 'same', 'same', 'same', 'same', 'same', 'same', 'same', 'same', 'same', 'same', 'same', 'same', 'same', 'same', 'same', 'same', 'same', 'same', 'same', 'same', 'same', 'same', 'same']","['same', 'modify-1', 'same', 'modify-1', 'modify-1', 'modify-1', 'modify-1', 'same', 'same', 'modify-1', 'modify-1', 'modify-1', 'modify-1', 'same', 'modify-1', 'modify-1', 'modify-1', 'same', 'same', 'same', 'same', 'same', 'same', 'modify-1', 'modify-1', 'same', 'modify-1', 'modify-1', 'modify-2', 'modify-2', 'modify-1', 'same', 'modify-1', 'modify-2', 'same', 'same', 'same', 'modify-2', 'modify-1', 'modify-1', 'same', 'modify-1', 'same', 'modify-1', 'same', 'modify-1', 'same', 'modify-1', 'same', 'same', 'same', 'same', 'modify-1', 'same', 'same', 'same', 'same', 'same', 'same', 'modify-1', 'same', 'same']"
stu23_bdf_p1,0.4482758620689655,Greedy,"[None, None, None]","['same', 'same', 'modify-1', 'modify-1', 'modify-1', 'same', 'same', 'same', 'same', 'same', 'same', 'modify-2', 'same', 'same', 'same', 'same', 'same', 'same', 'same', 'same', 'same', 'same', 'same', 'same', 'same', 'same', 'same', 'same', 'same', 'same', 'same', 'same', 'same', 'same', 'same', 'same', 'same', 'same', 'same', 'same', 'same', 'same', 'same', 'same', 'same', 'modify-3', 'same', 'same', 'same', 'same', 'same', 'same', 'same', 'same', 'same', 'same', 'same', 'same']","['modify-1', 'same', 'same', 'modify-1', 'same', 'same', 'modify-2', 'same', 'modify-2', 'modify-1', 'modify-1', 'same', 'same', 'same', 'modify-1', 'modify-1', 'same', 'modify-2', 'same', 'same', 'modify-2', 'modify-1', 'modify-2', 'modify-2', 'same', 'same', 'modify-2', 'modify-2', 'modify-1', 'same', 'modify-1', 'modify-2', 'same', 'modify-1', 'same', 'same', 'modify-2', 'same', 'same', 'same', 'modify-2', 'same', 'same', 'modify-2', 'modify-1', 'same', 'same', 'modify-1', 'same', 'modify-2', 'same', 'modify-1', 'modify-1', 'modify-2', 'modify-1', 'same', 'same', 'same']"
stu27_bdf_p1,0.673469387755102,Greedy,"[None, None, None]","['modify-1', 'same', 'modify-1', 'same', 'same', 'modify-2', 'same', 'modify-2', 'same', 'same', 'modify-2', 'same', 'same', 'same', 'same', 'same', 'same', 'same', 'same', 'same', 'same', 'same', 'same', 'same', 'same', 'same', 'same', 'same', 'same', 'same', 'same', 'same', 'same', 'same', 'same', 'same', 'same', 'same', 'same', 'same', 'same', 'same', 'same', 'same', 'same', 'same', 'same', 'same', 'same']","['modify-1', 'modify-1', 'same', 'modify-1', 'modify-1', 'modify-1', 'modify-1', 'modify-1', 'modify-1', 'modify-1', 'same', 'same', 'same', 'same', 'modify-1', 'same', 'same', 'same', 'modify-1', 'same', 'same', 'same', 'same', 'same', 'modify-2', 'modify-2', 'same', 'same', 'same', 'same', 'same', 'same', 'same', 'same', 'same', 'same', 'same', 'same', 'same', 'modify-2', 'modify-2', 'same', 'same', 'same', 'same', 'same', 'same', 'same', 'same']"
stu28_bde_p1,0.42857142857142855,Greedy,"[None, None, None]","['same', 'modify-1', 'modify-1', 'modify-1', 'modify-1', 'modify-1', 'same', 'same', 'same', 'same', 'same', 'modify-2', 'same', 'same', 'same', 'same', 'same', 'same', 'same', 'same', 'same']","['same', 'same', 'same', 'same', 'modify-1', 'same', 'modify-1', 'same', 'same', 'modify-1', 'modify-1', 'same', 'same', 'same', 'modify-1', 'modify-1', 'modify-1', 'modify-1', 'same', 'same', 'same']"
stu2_bce_p1,0.48314606741573035,Greedy,"[None, None, None]","['same', 'modify-1', 'modify-1', 'same', 'modify-1', 'modify-1', 'same', 'same', 'same', 'same', 'same', 'same', 'same', 'modify-1', 'modify-1', 'modify-1', 'modify-1', 'same', 'modify-1', 'same', 'same', 'same', 'same', 'same', 'same', 'same', 'same', 'same', 'same', 'same', 'same', 'same', 'same', 'same', 'same', 'same', 'same', 'same', 'same', 'same', 'same', 'modify-2', 'same', 'same', 'modify-1', 'modify-2', 'modify-1', 'modify-1', 'modify-1', 'modify-1', 'modify-1', 'modify-1', 'modify-1', 'modify-1', 'modify-1', 'modify-1', 'modify-1', 'modify-1', 'same', 'modify-1', 'same', 'modify-1', 'same', 'modify-1', 'modify-1', 'modify-1', 'modify-1', 'modify-1', 'modify-1', 'modify-1', 'modify-1', 'modify-1', 'modify-1', 'modify-1', 'modify-1', 'modify-1', 'same', 'modify-1', 'modify-1', 'same', 'same', 'same', 'same', 'same', 'same', 'same', 'same', 'same', 'same']","['same', 'modify-1', 'modify-1', 'modify-1', 'modify-1', 'modify-1', 'same', 'same', 'same', 'modify-1', 'same', 'modify-1', 'modify-1', 'same', 'same', 'modify-1', 'modify-1', 'modify-1', 'modify-1', 'same', 'same', 'same', 'same', 'modify-1', 'same', 'modify-1', 'same', 'same', 'same', 'same', 'modify-3', 'modify-2', 'same', 'same', 'same', 'same', 'same', 'same', 'same', 'modify-3', 'modify-3', 'modify-2', 'modify-2', 'modify-2', 'modify-2', 'same', 'same', 'same', 'same', 'same', 'same', 'same', 'modify-3', 'modify-3', 'same', 'modify-2', 'modify-2', 'modify-2', 'modify-2', 'modify-2', 'modify-2', 'modify-2', 'modify-2', 'modify-1', 'same', 'modify-1', 'same', 'same', 'same', 'same', 'same', 'modify-3', 'modify-3', 'same', 'modify-1', 'modify-1', 'modify-1', 'modify-2', 'same', 'same', 'same', 'same', 'same', 'same', 'same', 'same', 'same', 'same', 'same']"
stu32_bce_p1,0.5,Greedy,"[None, None, None]","['same', 'same', 'same', 'same', 'same', 'modify-1', 'same', 'same', 'same', 'same', 'same', 'same', 'modify-1', 'modify-1', 'modify-1', 'same', 'same', 'same', 'same', 'modify-2', 'same', 'same', 'same', 'same', 'same', 'same', 'same', 'same', 'modify-1', 'modify-1', 'modify-1', 'modify-1']","['same', 'modify-1', 'same', 'modify-1', 'modify-1', 'same', 'same', 'modify-1', 'same', 'modify-1', 'modify-1', 'same', 'same', 'modify-1', 'modify-1', 'same', 'same', 'modify-2', 'modify-1', 'modify-1', 'same', 'modify-1', 'same', 'same', 'same', 'same', 'modify-1', 'modify-1', 'modify-1', 'same', 'modify-1', 'same']"
stu33_bce_p1,0.5612244897959183,Greedy,"[None, None, None]","['same', 'same', 'same', 'same', 'same', 'same', 'same', 'same', 'same', 'same', 'same', 'same', 'same', 'same', 'same', 'same', 'same', 'same', 'same', 'same', 'same', 'modify-2', 'same', 'same', 'same', 'same', 'same', 'same', 'same', 'same', 'modify-1', 'same', 'modify-1', 'same', 'modify-1', 'same', 'modify-1', 'same', 'modify-1', 'same', 'same', 'modify-2', 'same', 'modify-2', 'same', 'same', 'modify-2', 'same', 'same', 'same', 'modify-2', 'same', 'same', 'same', 'same', 'same', 'same', 'same', 'same', 'same', 'same', 'same', 'same', 'same', 'modify-1', 'same', 'same', 'same', 'same', 'same', 'same', 'same', 'same', 'same', 'same', 'same', 'same', 'same', 'same', 'same', 'same', 'same', 'same', 'same', 'same', 'same', 'same', 'same', 'same', 'same', 'same', 'same', 'same', 'same', 'same', 'same', 'same', 'same']","['same', 'same', 'same', 'same', 'modify-1', 'same', 'same', 'modify-1', 'same', 'same', 'modify-1', 'same', 'same', 'same', 'same', 'same', 'same', 'same', 'modify-1', 'modify-3', 'modify-2', 'modify-1', 'same', 'modify-1', 'same', 'modify-3', 'modify-3', 'same', 'modify-2', 'modify-2', 'modify-2', 'modify-2', 'modify-2', 'modify-2', 'modify-2', 'modify-2', 'modify-2', 'modify-2', 'same', 'modify-1', 'modify-1', 'modify-1', 'modify-1', 'modify-1', 'modify-1', 'modify-1', 'modify-1', 'modify-1', 'modify-1', 'modify-1', 'modify-1', 'modify-1', 'modify-1', 'same', 'modify-1', 'same', 'same', 'same', 'same', 'same', 'modify-1', 'modify-1', 'modify-2', 'modify-2', 'same', 'modify-1', 'same', 'modify-1', 'same', 'same', 'same', 'same', 'same', 'same', 'same', 'same', 'same', 'same', 'same', 'same', 'same', 'same', 'same', 'same', 'same', 'same', 'same', 'same', 'same', 'same', 'same', 'same', 'same', 'same', 'same', 'same', 'same', 'same']"
stu34_bcf_p1,0.5882352941176471,Greedy,"[None, None, None]","['same', 'same', 'same', 'same', 'same', 'same', 'same', 'same', 'same', 'same', 'same', 'same', 'same', 'same', 'same', 'same', 'same', 'same', 'same', 'same', 'same', 'same', 'same', 'same', 'same', 'same', 'same', 'same', 'same', 'same', 'same', 'same', 'modify-1', 'same', 'same', 'same', 'same', 'same', 'same', 'same', 'same', 'same', 'same', 'same', 'same', 'same', 'same', 'same', 'same', 'same', 'same', 'same', 'same', 'same', 'same', 'same', 'same', 'same', 'same', 'same', 'same', 'same', 'same', 'modify-1', 'same', 'same', 'same', 'same', 'same', 'same', 'same', 'same', 'same', 'same', 'same', 'same', 'same', 'same', 'same', 'same', 'same', 'same', 'same', 'same', 'same', 'same', 'same', 'same', 'same', 'same', 'same', 'same', 'same', 'same', 'same', 'same', 'same', 'same', 'same', 'same', 'same', 'same']","['same', 'modify-2', 'same', 'same', 'same', 'same', 'modify-2', 'same', 'same', 'modify-2', 'same', 'modify-1', 'modify-1', 'same', 'same', 'same', 'same', 'same', 'same', 'modify-2', 'same', 'same', 'same', 'same', 'same', 'same', 'modify-2', 'same', 'modify-3', 'modify-2', 'modify-1', 'modify-1', 'same', 'same', 'modify-2', 'same', 'modify-2', 'same', 'modify-2', 'same', 'same', 'same', 'same', 'modify-2', 'same', 'modify-1', 'same', 'same', 'modify-1', 'same', 'modify-2', 'same', 'modify-2', 'same', 'same', 'same', 'modify-1', 'same', 'modify-1', 'modify-2', 'modify-2', 'modify-1', 'modify-1', 'modify-1', 'modify-1', 'modify-2', 'same', 'modify-2', 'same', 'same', 'modify-2', 'same', 'modify-2', 'modify-2', 'same', 'same', 'modify-1', 'same', 'modify-1', 'modify-1', 'modify-1', 'same', 'same', 'same', 'modify-2', 'same', 'same', 'same', 'same', 'modify-2', 'same', 'same', 'modify-2', 'same', 'modify-2', 'same', 'modify-2', 'same', 'same', 'same', 'modify-2', 'same']"
stu35_bde_p1,0.5531914893617021,Greedy,"[None, None, None]","['modify-1', 'modify-1', 'modify-1', 'modify-1', 'same', 'modify-1', 'same', 'same', 'same', 'same', 'same', 'same', 'same', 'same', 'same', 'same', 'same', 'same', 'same', 'same', 'same', 'same', 'same', 'same', 'same', 'same', 'same', 'same', 'same', 'modify-1', 'modify-1', 'same', 'modify-1', 'same', 'same', 'same', 'same', 'same', 'modify-1', 'modify-1', 'modify-1', 'same', 'same', 'same', 'same', 'same', 'same', 'same', 'same', 'same', 'same', 'same', 'same', 'same', 'same', 'same', 'same', 'same', 'same', 'same', 'same', 'modify-1', 'modify-1', 'modify-1', 'same', 'modify-1', 'modify-1', 'modify-1', 'same', 'modify-1', 'modify-1', 'modify-1', 'modify-1', 'modify-1', 'same', 'same', 'same', 'same', 'same', 'same', 'same', 'modify-1', 'modify-1', 'modify-1', 'modify-1', 'modify-1', 'modify-1', 'modify-1', 'modify-1', 'modify-1', 'modify-1', 'same', 'same', 'same']","['modify-1', 'modify-1', 'modify-1', 'modify-1', 'modify-1', 'same', 'same', 'same', 'modify-1', 'modify-1', 'same', 'same', 'same', 'modify-1', 'same', 'modify-1', 'modify-1', 'same', 'same', 'modify-1', 'modify-1', 'same', 'modify-1', 'same', 'modify-1', 'same', 'modify-1', 'modify-1', 'same', 'modify-1', 'modify-1', 'modify-1', 'modify-1', 'same', 'same', 'modify-1', 'modify-1', 'modify-1', 'same', 'modify-1', 'same', 'same', 'same', 'same', 'same', 'modify-1', 'same', 'same', 'same', 'modify-1', 'modify-1', 'same', 'same', 'modify-1', 'modify-1', 'modify-1', 'modify-1', 'modify-1', 'same', 'modify-1', 'same', 'same', 'modify-1', 'modify-1', 'same', 'same', 'modify-1', 'modify-1', 'same', 'same', 'modify-1', 'same', 'modify-1', 'modify-1', 'same', 'same', 'same', 'same', 'same', 'modify-1', 'modify-1', 'modify-1', 'same', 'same', 'same', 'modify-1', 'same', 'same', 'same', 'modify-1', 'same', 'modify-1', 'same', 'same']"
stu40_bdf_p1,0.34210526315789475,Greedy,"[None, None, None]","['same', 'same', 'same', 'modify-1', 'same', 'same', 'same', 'modify-1', 'modify-1', 'modify-1', 'same', 'same', 'same', 'modify-2', 'modify-1', 'modify-2', 'modify-2', 'same', 'same', 'same', 'same', 'same', 'modify-2', 'modify-2', 'same', 'modify-1', 'same', 'same', 'modify-1', 'modify-2', 'modify-2', 'modify-2', 'same', 'same', 'same', 'same', 'same', 'same']","['same', 'modify-1', 'modify-1', 'same', 'same', 'modify-1', 'modify-1', 'same', 'modify-1', 'same', 'modify-1', 'modify-1', 'modify-1', 'same', 'same', 'same', 'same', 'same', 'same', 'same', 'modify-1', 'same', 'modify-1', 'modify-1', 'modify-1', 'same', 'modify-1', 'modify-1', 'same', 'same', 'modify-1', 'modify-1', 'same', 'same', 'same', 'same', 'same', 'same']"
stu5_bcf_p1,0.578125,Greedy,"[None, None, None]","['same', 'same', 'same', 'same', 'same', 'same', 'same', 'same', 'same', 'same', 'same', 'same', 'same', 'same', 'same', 'same', 'same', 'same', 'same', 'same', 'same', 'same', 'same', 'same', 'same', 'same', 'same', 'same', 'same', 'same', 'same', 'same', 'same', 'same', 'same', 'same', 'same', 'same', 'same', 'same', 'same', 'same', 'same', 'same', 'same', 'same', 'same', 'same', 'same', 'same', 'same', 'same', 'same', 'same', 'same', 'same', 'same', 'same', 'same', 'same', 'same', 'same', 'same', 'same']","['modify-1', 'same', 'same', 'same', 'same', 'modify-2', 'same', 'same', 'same', 'modify-2', 'modify-1', 'modify-1', 'modify-2', 'modify-2', 'same', 'modify-2', 'same', 'same', 'same', 'same', 'same', 'modify-2', 'modify-2', 'modify-2', 'same', 'same', 'same', 'modify-2', 'same', 'same', 'modify-1', 'same', 'same', 'modify-1', 'modify-1', 'same', 'modify-1', 'modify-1', 'modify-1', 'modify-2', 'same', 'modify-2', 'same', 'modify-1', 'same', 'same', 'same', 'same', 'modify-2', 'same', 'same', 'same', 'same', 'modify-2', 'same', 'same', 'modify-1', 'same', 'same', 'same', 'modify-1', 'modify-2', 'modify-2', 'same']"
stu8_bce_p1,0.8333333333333334,Greedy,"[None, None, None]","['modify-1', 'modify-1', 'same', 'same', 'same', 'same']","['modify-1', 'same', 'same', 'same', 'same', 'same']"
stu9_bcf_p1,0.8,Greedy,"[None, None, None]","['same', 'same', 'same', 'same', 'same', 'same', 'same', 'same', 'same', 'same']","['same', 'modify-1', 'modify-1', 'same', 'same', 'same', 'same', 'same', 'same', 'same']"
