User,Accuracy,Algorithm,GranularPredictions,Predictions,GroundTruth
stu7_ade_p3_logs.csv,0.5454545454545454,OfflineOnlineSVM,"defaultdict(None, {'modify-1': (7, 0.14285714285714285), 'same': (19, 0.6842105263157895), 'modify-2': (7, 0.5714285714285714)})","['same', 'modify-1', 'same', 'same', 'modify-1', 'modify-2', 'modify-2', 'modify-2', 'modify-2', 'same', 'same', 'modify-1', 'same', 'same', 'same', 'same', 'same', 'same', 'same', 'modify-1', 'modify-2', 'modify-1', 'modify-2', 'modify-2', 'modify-2', 'same', 'same', 'same', 'same', 'modify-1', 'modify-1', 'same', 'same']","['modify-1', 'same', 'same', 'modify-1', 'modify-2', 'modify-2', 'modify-2', 'modify-1', 'same', 'same', 'modify-1', 'same', 'same', 'same', 'same', 'same', 'same', 'same', 'modify-1', 'modify-2', 'modify-2', 'modify-2', 'modify-2', 'same', 'same', 'same', 'same', 'same', 'modify-1', 'modify-1', 'same', 'same', 'same']"
pro5_adf_p3_logs.csv,0.6842105263157895,OfflineOnlineSVM,"defaultdict(None, {'modify-2': (10, 0.7), 'same': (9, 0.6666666666666666)})","['same', 'modify-2', 'modify-2', 'same', 'same', 'same', 'same', 'modify-2', 'modify-2', 'modify-2', 'modify-2', 'same', 'same', 'same', 'modify-2', 'modify-2', 'modify-2', 'modify-2', 'same']","['modify-2', 'modify-2', 'same', 'same', 'same', 'same', 'modify-2', 'modify-2', 'modify-2', 'modify-2', 'same', 'same', 'same', 'modify-2', 'modify-2', 'modify-2', 'modify-2', 'same', 'same']"
stu30_adf_p3_logs.csv,0.8518518518518519,OfflineOnlineSVM,"defaultdict(None, {'same': (19, 0.8947368421052632), 'modify-2': (8, 0.75)})","['same', 'same', 'same', 'same', 'same', 'modify-2', 'modify-2', 'modify-2', 'modify-2', 'same', 'same', 'same', 'modify-2', 'modify-2', 'modify-2', 'modify-2', 'same', 'same', 'same', 'same', 'same', 'same', 'same', 'same', 'same', 'same', 'same']","['same', 'same', 'same', 'same', 'modify-2', 'modify-2', 'modify-2', 'modify-2', 'same', 'same', 'same', 'modify-2', 'modify-2', 'modify-2', 'modify-2', 'same', 'same', 'same', 'same', 'same', 'same', 'same', 'same', 'same', 'same', 'same', 'same']"
stu38_acf_p3_logs.csv,0.717391304347826,OfflineOnlineSVM,"defaultdict(None, {'modify-2': (11, 0.6363636363636364), 'same': (31, 0.8064516129032258), 'modify-1': (3, 0.3333333333333333), 'modify-3': (1, 0.0)})","['modify-2', 'modify-2', 'same', 'same', 'same', 'same', 'same', 'same', 'same', 'same', 'same', 'same', 'same', 'same', 'same', 'same', 'modify-2', 'modify-2', 'modify-2', 'modify-2', 'modify-2', 'modify-2', 'modify-2', 'same', 'modify-2', 'same', 'same', 'same', 'same', 'same', 'same', 'same', 'same', 'modify-1', 'modify-1', 'same', 'same', 'same', 'modify-2', 'modify-2', 'modify-1', 'same', 'same', 'same', 'modify-3', 'same']","['modify-2', 'same', 'same', 'same', 'same', 'same', 'same', 'same', 'same', 'same', 'same', 'same', 'same', 'same', 'same', 'modify-2', 'modify-2', 'modify-2', 'modify-2', 'modify-2', 'modify-2', 'modify-2', 'same', 'modify-2', 'same', 'same', 'same', 'same', 'same', 'same', 'same', 'same', 'modify-1', 'modify-1', 'same', 'same', 'same', 'modify-2', 'modify-3', 'modify-1', 'same', 'same', 'same', 'modify-2', 'same', 'same']"
stu10_acf_p3_logs.csv,0.8857142857142857,OfflineOnlineSVM,"defaultdict(None, {'same': (27, 0.9629629629629629), 'modify-2': (4, 0.5), 'modify-1': (4, 0.75)})","['same', 'same', 'same', 'same', 'same', 'same', 'same', 'modify-2', 'modify-2', 'modify-1', 'modify-1', 'modify-1', 'modify-2', 'modify-1', 'modify-2', 'same', 'same', 'same', 'same', 'same', 'same', 'same', 'same', 'same', 'same', 'same', 'same', 'same', 'same', 'same', 'same', 'same', 'same', 'same', 'same']","['same', 'same', 'same', 'same', 'same', 'same', 'modify-2', 'modify-2', 'modify-1', 'modify-1', 'modify-1', 'modify-1', 'modify-2', 'modify-2', 'same', 'same', 'same', 'same', 'same', 'same', 'same', 'same', 'same', 'same', 'same', 'same', 'same', 'same', 'same', 'same', 'same', 'same', 'same', 'same', 'same']"
stu39_adf_p3_logs.csv,0.45,OfflineOnlineSVM,"defaultdict(None, {'modify-2': (11, 0.5454545454545454), 'same': (20, 0.5), 'modify-1': (7, 0.14285714285714285), 'modify-3': (2, 0.5)})","['modify-3', 'modify-2', 'modify-2', 'modify-2', 'modify-2', 'modify-2', 'same', 'same', 'same', 'same', 'modify-1', 'same', 'same', 'same', 'same', 'modify-1', 'same', 'modify-1', 'modify-2', 'modify-2', 'same', 'modify-1', 'same', 'same', 'modify-3', 'modify-3', 'modify-1', 'modify-2', 'modify-2', 'modify-2', 'modify-2', 'same', 'same', 'same', 'modify-1', 'same', 'same', 'modify-1', 'modify-1', 'modify-2']","['modify-2', 'modify-2', 'modify-2', 'modify-2', 'same', 'same', 'same', 'same', 'same', 'modify-1', 'same', 'same', 'same', 'same', 'modify-1', 'same', 'modify-1', 'modify-2', 'modify-2', 'same', 'modify-1', 'same', 'same', 'modify-3', 'modify-3', 'modify-2', 'modify-2', 'modify-2', 'modify-2', 'same', 'same', 'same', 'same', 'modify-1', 'same', 'same', 'modify-1', 'modify-1', 'modify-2', 'same']"
stu21_ace_p3_logs.csv,0.47368421052631576,OfflineOnlineSVM,"defaultdict(None, {'same': (7, 0.42857142857142855), 'modify-1': (8, 0.375), 'modify-2': (4, 0.75)})","['same', 'same', 'modify-1', 'same', 'modify-1', 'modify-1', 'modify-2', 'modify-2', 'modify-2', 'modify-2', 'modify-1', 'same', 'modify-1', 'same', 'modify-1', 'modify-1', 'modify-1', 'same', 'same']","['same', 'modify-1', 'same', 'modify-1', 'modify-1', 'modify-2', 'modify-2', 'modify-2', 'modify-2', 'modify-1', 'same', 'modify-1', 'same', 'modify-1', 'modify-1', 'modify-1', 'same', 'same', 'same']"
pro3_ace_p3_logs.csv,0.5,OfflineOnlineSVM,"defaultdict(None, {'same': (8, 0.625), 'modify-2': (1, 0.0), 'modify-1': (5, 0.4)})","['same', 'same', 'modify-2', 'modify-1', 'modify-1', 'modify-1', 'same', 'same', 'same', 'same', 'modify-1', 'same', 'same', 'modify-1']","['same', 'modify-2', 'modify-1', 'modify-1', 'modify-1', 'same', 'same', 'same', 'same', 'modify-1', 'same', 'same', 'modify-1', 'same']"
pro24_adf_p3_logs.csv,0.5,OfflineOnlineSVM,"defaultdict(None, {'same': (12, 0.6666666666666666), 'modify-1': (2, 0.0), 'modify-2': (2, 0.0)})","['modify-1', 'same', 'same', 'same', 'same', 'modify-1', 'modify-1', 'same', 'same', 'same', 'same', 'modify-1', 'same', 'modify-2', 'same', 'same']","['same', 'same', 'same', 'same', 'modify-1', 'modify-2', 'same', 'same', 'same', 'same', 'modify-1', 'same', 'modify-2', 'same', 'same', 'same']"
stu11_adf_p3_logs.csv,0.7241379310344828,OfflineOnlineSVM,"defaultdict(None, {'modify-2': (11, 0.7272727272727273), 'same': (15, 0.8), 'modify-3': (2, 0.5), 'modify-1': (1, 0.0)})","['modify-1', 'modify-2', 'modify-1', 'modify-2', 'modify-2', 'same', 'same', 'same', 'same', 'same', 'same', 'same', 'same', 'same', 'same', 'same', 'modify-3', 'modify-3', 'modify-2', 'modify-2', 'modify-2', 'modify-2', 'modify-2', 'modify-2', 'modify-2', 'modify-2', 'same', 'same', 'same']","['modify-2', 'modify-2', 'modify-2', 'same', 'same', 'same', 'same', 'same', 'same', 'same', 'same', 'same', 'same', 'same', 'same', 'modify-3', 'modify-3', 'modify-2', 'modify-2', 'modify-2', 'modify-2', 'modify-2', 'modify-2', 'modify-2', 'modify-2', 'same', 'same', 'modify-1', 'same']"
pro25_acf_p3_logs.csv,0.6923076923076923,OfflineOnlineSVM,"defaultdict(None, {'modify-2': (15, 0.8), 'modify-3': (3, 0.3333333333333333), 'same': (7, 0.7142857142857143), 'modify-1': (1, 0.0)})","['modify-3', 'modify-2', 'modify-2', 'modify-2', 'modify-2', 'modify-3', 'modify-3', 'same', 'modify-2', 'modify-2', 'modify-2', 'modify-2', 'modify-2', 'modify-2', 'modify-2', 'modify-2', 'modify-3', 'modify-1', 'modify-2', 'modify-2', 'modify-2', 'same', 'same', 'same', 'same', 'same']","['modify-2', 'modify-2', 'modify-2', 'modify-2', 'modify-3', 'modify-3', 'same', 'modify-2', 'modify-2', 'modify-2', 'modify-2', 'modify-2', 'modify-2', 'modify-2', 'modify-2', 'modify-3', 'modify-1', 'modify-2', 'modify-2', 'modify-2', 'same', 'same', 'same', 'same', 'same', 'same']"
stu6_acf_p3_logs.csv,0.5952380952380952,OfflineOnlineSVM,"defaultdict(None, {'modify-2': (8, 0.5), 'same': (29, 0.7241379310344828), 'modify-1': (5, 0.0)})","['modify-2', 'modify-2', 'modify-2', 'same', 'same', 'modify-2', 'same', 'same', 'same', 'same', 'same', 'same', 'same', 'modify-2', 'same', 'same', 'same', 'same', 'same', 'modify-1', 'modify-2', 'same', 'same', 'same', 'same', 'same', 'same', 'same', 'same', 'same', 'modify-1', 'same', 'same', 'same', 'same', 'modify-1', 'same', 'modify-2', 'modify-2', 'modify-2', 'same', 'modify-2']","['modify-2', 'modify-2', 'same', 'same', 'modify-2', 'same', 'same', 'same', 'same', 'same', 'same', 'same', 'modify-1', 'same', 'same', 'same', 'same', 'modify-1', 'modify-1', 'modify-2', 'same', 'same', 'same', 'same', 'same', 'same', 'same', 'same', 'same', 'modify-1', 'same', 'same', 'same', 'same', 'modify-1', 'same', 'modify-2', 'modify-2', 'modify-2', 'same', 'modify-2', 'same']"
pro13_ace_p3_logs.csv,0.7692307692307693,OfflineOnlineSVM,"defaultdict(None, {'same': (16, 0.8125), 'modify-2': (2, 0.5), 'modify-1': (8, 0.75)})","['same', 'same', 'same', 'modify-2', 'modify-2', 'same', 'same', 'modify-1', 'modify-1', 'modify-1', 'modify-1', 'same', 'same', 'same', 'modify-1', 'modify-1', 'modify-1', 'modify-1', 'same', 'same', 'same', 'same', 'same', 'same', 'same', 'same']","['same', 'same', 'modify-2', 'modify-2', 'same', 'same', 'modify-1', 'modify-1', 'modify-1', 'modify-1', 'same', 'same', 'same', 'modify-1', 'modify-1', 'modify-1', 'modify-1', 'same', 'same', 'same', 'same', 'same', 'same', 'same', 'same', 'same']"
pro20_ade_p3_logs.csv,0.5614035087719298,OfflineOnlineSVM,"defaultdict(None, {'same': (41, 0.7073170731707317), 'modify-1': (14, 0.21428571428571427), 'modify-2': (2, 0.0)})","['modify-1', 'same', 'same', 'modify-1', 'same', 'modify-1', 'same', 'same', 'same', 'modify-1', 'modify-2', 'modify-1', 'same', 'same', 'same', 'same', 'same', 'same', 'same', 'same', 'modify-1', 'same', 'same', 'modify-1', 'same', 'same', 'same', 'same', 'modify-1', 'same', 'modify-1', 'same', 'same', 'modify-1', 'modify-1', 'modify-1', 'modify-1', 'same', 'same', 'same', 'same', 'same', 'same', 'same', 'same', 'same', 'modify-2', 'same', 'same', 'modify-1', 'same', 'same', 'modify-1', 'same', 'same', 'same', 'same']","['same', 'same', 'modify-1', 'same', 'modify-1', 'same', 'same', 'same', 'modify-1', 'modify-2', 'modify-1', 'same', 'same', 'same', 'same', 'same', 'same', 'same', 'same', 'modify-1', 'same', 'same', 'modify-1', 'same', 'same', 'same', 'same', 'modify-1', 'same', 'modify-1', 'same', 'same', 'modify-2', 'modify-1', 'modify-1', 'modify-1', 'same', 'same', 'same', 'same', 'same', 'same', 'same', 'same', 'same', 'modify-1', 'same', 'same', 'modify-1', 'same', 'same', 'modify-1', 'same', 'same', 'same', 'same', 'same']"
stu37_adf_p3_logs.csv,0.6666666666666666,OfflineOnlineSVM,"defaultdict(None, {'modify-1': (21, 0.8095238095238095), 'modify-2': (8, 0.5), 'same': (17, 0.6470588235294118), 'modify-3': (2, 0.0)})","['modify-1', 'modify-1', 'modify-1', 'modify-2', 'modify-2', 'same', 'same', 'modify-2', 'modify-3', 'modify-2', 'modify-2', 'modify-2', 'modify-3', 'modify-2', 'modify-2', 'same', 'same', 'same', 'same', 'same', 'modify-1', 'modify-1', 'modify-1', 'modify-3', 'modify-1', 'modify-1', 'modify-1', 'modify-1', 'modify-1', 'modify-1', 'modify-1', 'modify-1', 'same', 'same', 'same', 'modify-1', 'modify-1', 'modify-1', 'modify-1', 'same', 'same', 'same', 'modify-1', 'modify-1', 'modify-1', 'modify-1', 'same', 'same']","['modify-1', 'modify-2', 'modify-2', 'same', 'same', 'same', 'modify-3', 'modify-3', 'modify-2', 'modify-2', 'modify-2', 'modify-2', 'modify-2', 'modify-2', 'same', 'same', 'same', 'same', 'same', 'modify-1', 'modify-1', 'modify-1', 'modify-1', 'modify-1', 'modify-1', 'modify-1', 'modify-1', 'modify-1', 'modify-1', 'modify-1', 'modify-1', 'same', 'same', 'same', 'modify-1', 'modify-1', 'modify-1', 'modify-1', 'same', 'same', 'same', 'modify-1', 'modify-1', 'modify-1', 'modify-1', 'same', 'same', 'same']"
pro9_acf_p3_logs.csv,0.7894736842105263,OfflineOnlineSVM,"defaultdict(None, {'modify-1': (16, 0.8125), 'same': (21, 0.8095238095238095), 'modify-2': (1, 0.0)})","['same', 'modify-1', 'modify-1', 'modify-1', 'modify-1', 'same', 'same', 'same', 'same', 'same', 'same', 'same', 'same', 'same', 'same', 'modify-1', 'modify-1', 'modify-1', 'modify-1', 'same', 'same', 'same', 'same', 'same', 'same', 'modify-1', 'modify-1', 'modify-1', 'modify-1', 'modify-1', 'modify-1', 'modify-1', 'modify-1', 'same', 'same', 'same', 'same', 'modify-2']","['modify-1', 'modify-1', 'modify-1', 'modify-1', 'same', 'same', 'same', 'same', 'same', 'same', 'same', 'same', 'same', 'same', 'modify-1', 'modify-1', 'modify-1', 'modify-1', 'same', 'same', 'same', 'same', 'same', 'same', 'modify-1', 'modify-1', 'modify-1', 'modify-1', 'modify-1', 'modify-1', 'modify-1', 'modify-1', 'same', 'same', 'same', 'same', 'modify-2', 'same']"
stu15_ade_p3_logs.csv,0.6,OfflineOnlineSVM,"defaultdict(None, {'modify-2': (11, 0.7272727272727273), 'modify-1': (7, 0.0), 'same': (27, 0.7037037037037037)})","['modify-2', 'modify-2', 'modify-2', 'modify-2', 'modify-2', 'modify-1', 'same', 'modify-1', 'same', 'modify-1', 'same', 'same', 'same', 'modify-1', 'modify-2', 'modify-2', 'same', 'same', 'same', 'same', 'same', 'modify-2', 'modify-2', 'same', 'same', 'same', 'same', 'same', 'modify-2', 'modify-2', 'modify-2', 'modify-2', 'same', 'same', 'same', 'modify-1', 'same', 'same', 'same', 'same', 'same', 'same', 'modify-2', 'same', 'same']","['modify-2', 'modify-2', 'modify-2', 'modify-1', 'modify-1', 'same', 'modify-1', 'same', 'modify-1', 'same', 'same', 'same', 'modify-1', 'modify-2', 'modify-2', 'same', 'same', 'same', 'same', 'same', 'modify-2', 'modify-2', 'same', 'same', 'same', 'same', 'same', 'modify-2', 'modify-2', 'modify-2', 'modify-2', 'same', 'same', 'same', 'modify-1', 'same', 'same', 'same', 'same', 'same', 'same', 'modify-1', 'same', 'same', 'same']"
pro21_ade_p3_logs.csv,0.4716981132075472,OfflineOnlineSVM,"defaultdict(None, {'same': (29, 0.5172413793103449), 'modify-1': (14, 0.2857142857142857), 'modify-3': (1, 0.0), 'modify-2': (9, 0.6666666666666666)})","['modify-1', 'same', 'modify-1', 'modify-1', 'same', 'same', 'modify-1', 'same', 'same', 'same', 'modify-3', 'modify-2', 'same', 'same', 'same', 'same', 'modify-2', 'modify-2', 'modify-2', 'modify-2', 'same', 'same', 'modify-2', 'modify-2', 'modify-2', 'modify-2', 'same', 'same', 'same', 'same', 'same', 'same', 'modify-1', 'same', 'modify-1', 'same', 'same', 'modify-1', 'same', 'modify-1', 'modify-1', 'modify-1', 'same', 'same', 'modify-1', 'same', 'same', 'modify-1', 'same', 'modify-1', 'modify-1', 'same', 'modify-1']","['same', 'modify-1', 'modify-1', 'same', 'same', 'modify-1', 'same', 'same', 'same', 'modify-3', 'modify-2', 'same', 'same', 'same', 'same', 'modify-2', 'modify-2', 'modify-2', 'modify-2', 'same', 'same', 'modify-2', 'modify-2', 'modify-2', 'modify-2', 'same', 'same', 'same', 'same', 'same', 'same', 'modify-1', 'same', 'modify-1', 'same', 'same', 'modify-1', 'same', 'modify-1', 'modify-1', 'modify-1', 'same', 'same', 'modify-1', 'same', 'same', 'modify-1', 'same', 'modify-1', 'modify-1', 'same', 'modify-1', 'same']"
pro31_adf_p3_logs.csv,0.47619047619047616,OfflineOnlineSVM,"defaultdict(None, {'same': (13, 0.6923076923076923), 'modify-1': (2, 0.0), 'modify-2': (6, 0.16666666666666666)})","['same', 'same', 'same', 'modify-1', 'same', 'same', 'same', 'same', 'same', 'same', 'modify-2', 'same', 'same', 'modify-2', 'same', 'same', 'same', 'modify-2', 'same', 'same', 'modify-2']","['same', 'same', 'modify-1', 'same', 'same', 'modify-2', 'same', 'same', 'same', 'modify-2', 'modify-2', 'same', 'modify-1', 'same', 'same', 'modify-2', 'modify-2', 'same', 'same', 'modify-2', 'same']"
pro15_ade_p3_logs.csv,0.6818181818181818,OfflineOnlineSVM,"defaultdict(None, {'same': (6, 0.3333333333333333), 'modify-1': (16, 0.8125)})","['modify-1', 'same', 'modify-1', 'modify-1', 'modify-1', 'modify-1', 'same', 'modify-1', 'modify-1', 'modify-1', 'modify-1', 'modify-1', 'modify-1', 'modify-1', 'modify-1', 'same', 'same', 'modify-1', 'modify-1', 'modify-1', 'modify-1', 'same']","['same', 'modify-1', 'modify-1', 'modify-1', 'modify-1', 'same', 'modify-1', 'modify-1', 'modify-1', 'modify-1', 'modify-1', 'modify-1', 'modify-1', 'modify-1', 'same', 'same', 'modify-1', 'modify-1', 'modify-1', 'modify-1', 'same', 'same']"
stu26_ace_p3_logs.csv,0.6571428571428571,OfflineOnlineSVM,"defaultdict(None, {'same': (26, 0.7307692307692307), 'modify-1': (9, 0.4444444444444444)})","['modify-1', 'same', 'modify-1', 'same', 'modify-1', 'modify-1', 'modify-1', 'same', 'same', 'modify-1', 'modify-1', 'modify-1', 'same', 'same', 'same', 'same', 'same', 'same', 'same', 'same', 'same', 'same', 'same', 'modify-1', 'same', 'same', 'same', 'modify-1', 'modify-1', 'same', 'same', 'same', 'same', 'same', 'same']","['same', 'modify-1', 'same', 'modify-1', 'modify-1', 'modify-1', 'same', 'same', 'modify-1', 'same', 'same', 'modify-1', 'same', 'same', 'same', 'same', 'same', 'same', 'same', 'same', 'same', 'same', 'modify-1', 'same', 'same', 'same', 'modify-1', 'modify-1', 'same', 'same', 'same', 'same', 'same', 'same', 'same']"
pro17_ace_p3_logs.csv,0.6428571428571429,OfflineOnlineSVM,"defaultdict(None, {'same': (22, 0.7727272727272727), 'modify-2': (2, 0.5), 'modify-1': (4, 0.0)})","['same', 'same', 'same', 'same', 'same', 'modify-2', 'modify-2', 'same', 'same', 'same', 'same', 'same', 'same', 'same', 'modify-1', 'same', 'modify-1', 'same', 'same', 'modify-1', 'same', 'same', 'same', 'same', 'modify-1', 'same', 'same', 'same']","['same', 'same', 'same', 'same', 'modify-2', 'modify-2', 'same', 'same', 'same', 'same', 'same', 'same', 'same', 'modify-1', 'same', 'modify-1', 'same', 'same', 'modify-1', 'same', 'same', 'same', 'same', 'modify-1', 'same', 'same', 'same', 'same']"
stu4_ade_p3_logs.csv,0.6666666666666666,OfflineOnlineSVM,"defaultdict(None, {'same': (18, 0.6666666666666666), 'modify-1': (4, 0.25), 'modify-2': (8, 0.875)})","['modify-1', 'same', 'same', 'same', 'same', 'modify-1', 'modify-1', 'same', 'modify-2', 'modify-2', 'modify-2', 'modify-2', 'modify-2', 'modify-2', 'modify-2', 'modify-2', 'same', 'same', 'same', 'modify-1', 'modify-1', 'same', 'modify-1', 'same', 'same', 'same', 'same', 'same', 'same', 'same']","['same', 'same', 'same', 'same', 'modify-1', 'same', 'same', 'modify-2', 'modify-2', 'modify-2', 'modify-2', 'modify-2', 'modify-2', 'modify-2', 'modify-2', 'same', 'same', 'same', 'modify-1', 'modify-1', 'same', 'modify-1', 'same', 'same', 'same', 'same', 'same', 'same', 'same', 'same']"
pro18_adf_p3_logs.csv,0.44,OfflineOnlineSVM,"defaultdict(None, {'same': (10, 0.5), 'modify-1': (13, 0.46153846153846156), 'modify-2': (2, 0.0)})","['same', 'same', 'modify-1', 'modify-2', 'modify-1', 'modify-1', 'modify-1', 'modify-2', 'same', 'modify-1', 'modify-2', 'modify-1', 'modify-1', 'modify-1', 'modify-1', 'same', 'same', 'same', 'same', 'modify-1', 'same', 'same', 'modify-1', 'same', 'modify-1']","['same', 'modify-1', 'modify-1', 'modify-1', 'modify-1', 'modify-1', 'modify-2', 'same', 'modify-1', 'modify-2', 'modify-1', 'modify-1', 'modify-1', 'modify-1', 'same', 'same', 'same', 'same', 'modify-1', 'same', 'same', 'modify-1', 'same', 'modify-1', 'same']"
stu3_acf_p3_logs.csv,0.7,OfflineOnlineSVM,"defaultdict(None, {'same': (51, 0.803921568627451), 'modify-2': (9, 0.1111111111111111)})","['same', 'same', 'same', 'same', 'modify-2', 'same', 'same', 'same', 'same', 'same', 'same', 'same', 'same', 'same', 'same', 'same', 'same', 'same', 'modify-2', 'modify-2', 'same', 'modify-2', 'same', 'same', 'same', 'same', 'same', 'same', 'same', 'same', 'same', 'same', 'same', 'same', 'modify-2', 'same', 'same', 'same', 'same', 'same', 'same', 'same', 'modify-2', 'same', 'same', 'same', 'same', 'same', 'same', 'same', 'modify-2', 'same', 'modify-2', 'modify-2', 'same', 'same', 'modify-2', 'modify-2', 'same', 'same']","['same', 'same', 'same', 'modify-2', 'same', 'same', 'same', 'same', 'same', 'same', 'same', 'same', 'same', 'same', 'same', 'same', 'same', 'modify-2', 'same', 'same', 'modify-2', 'same', 'same', 'same', 'same', 'same', 'same', 'same', 'same', 'same', 'same', 'same', 'same', 'modify-2', 'same', 'same', 'same', 'same', 'same', 'same', 'same', 'modify-2', 'same', 'same', 'same', 'same', 'same', 'same', 'same', 'modify-2', 'same', 'modify-2', 'modify-2', 'same', 'same', 'modify-2', 'same', 'same', 'same', 'same']"
stu25_ace_p3_logs.csv,0.6111111111111112,OfflineOnlineSVM,"defaultdict(None, {'same': (7, 0.42857142857142855), 'modify-1': (11, 0.7272727272727273)})","['modify-1', 'same', 'same', 'same', 'modify-1', 'same', 'modify-1', 'modify-1', 'modify-1', 'modify-1', 'modify-1', 'modify-1', 'modify-1', 'modify-1', 'same', 'modify-1', 'modify-1', 'same']","['same', 'same', 'same', 'modify-1', 'same', 'modify-1', 'modify-1', 'modify-1', 'modify-1', 'modify-1', 'modify-1', 'modify-1', 'modify-1', 'same', 'modify-1', 'modify-1', 'same', 'same']"
stu31_ade_p3_logs.csv,0.6333333333333333,OfflineOnlineSVM,"defaultdict(None, {'same': (12, 0.5), 'modify-1': (18, 0.7222222222222222)})","['modify-2', 'same', 'same', 'same', 'same', 'same', 'modify-1', 'modify-1', 'modify-1', 'modify-1', 'modify-1', 'modify-1', 'same', 'same', 'modify-1', 'same', 'modify-1', 'modify-1', 'modify-1', 'same', 'modify-1', 'modify-1', 'same', 'same', 'modify-1', 'modify-1', 'modify-1', 'modify-1', 'modify-1', 'modify-1']","['same', 'same', 'same', 'same', 'same', 'modify-1', 'modify-1', 'modify-1', 'modify-1', 'modify-1', 'modify-1', 'same', 'same', 'modify-1', 'same', 'modify-1', 'modify-1', 'modify-1', 'same', 'modify-1', 'modify-1', 'same', 'same', 'modify-1', 'modify-1', 'modify-1', 'modify-1', 'modify-1', 'modify-1', 'same']"
pro29_ace_p3_logs.csv,0.5555555555555556,OfflineOnlineSVM,"defaultdict(None, {'modify-1': (12, 0.3333333333333333), 'same': (23, 0.6956521739130435), 'modify-2': (1, 0.0)})","['same', 'modify-1', 'same', 'same', 'modify-1', 'same', 'same', 'modify-1', 'same', 'modify-1', 'modify-2', 'modify-1', 'modify-1', 'modify-1', 'modify-1', 'modify-1', 'same', 'same', 'same', 'modify-1', 'same', 'same', 'modify-1', 'same', 'same', 'same', 'same', 'same', 'same', 'same', 'same', 'modify-1', 'same', 'same', 'same', 'same']","['modify-1', 'same', 'same', 'modify-1', 'same', 'same', 'modify-1', 'same', 'modify-1', 'modify-2', 'modify-1', 'modify-1', 'modify-1', 'modify-1', 'modify-1', 'same', 'same', 'same', 'modify-1', 'same', 'same', 'modify-1', 'same', 'same', 'same', 'same', 'same', 'same', 'same', 'same', 'modify-1', 'same', 'same', 'same', 'same', 'same']"
stu24_ace_p3_logs.csv,0.5277777777777778,OfflineOnlineSVM,"defaultdict(None, {'same': (21, 0.6666666666666666), 'modify-1': (12, 0.4166666666666667), 'modify-2': (3, 0.0)})","['same', 'same', 'same', 'modify-1', 'same', 'same', 'modify-1', 'modify-3', 'modify-1', 'modify-2', 'modify-1', 'same', 'same', 'same', 'modify-1', 'modify-1', 'same', 'modify-1', 'modify-1', 'modify-1', 'same', 'same', 'same', 'same', 'same', 'same', 'modify-1', 'modify-1', 'same', 'modify-1', 'same', 'same', 'same', 'modify-1', 'same', 'same']","['same', 'same', 'modify-1', 'same', 'same', 'modify-2', 'modify-1', 'modify-1', 'modify-2', 'modify-1', 'same', 'same', 'same', 'modify-1', 'modify-1', 'same', 'modify-2', 'modify-1', 'modify-1', 'same', 'same', 'same', 'same', 'same', 'same', 'modify-1', 'modify-1', 'same', 'modify-1', 'same', 'same', 'same', 'modify-1', 'same', 'same', 'same']"
stu13_acf_p3_logs.csv,0.7333333333333333,OfflineOnlineSVM,"defaultdict(None, {'modify-2': (12, 0.75), 'same': (16, 0.8125), 'modify-3': (1, 0.0), 'modify-1': (1, 0.0)})","['modify-2', 'modify-2', 'same', 'same', 'same', 'same', 'modify-2', 'modify-2', 'modify-2', 'modify-2', 'same', 'same', 'same', 'same', 'same', 'same', 'same', 'modify-2', 'modify-2', 'modify-2', 'modify-2', 'modify-3', 'modify-1', 'modify-2', 'modify-2', 'modify-2', 'same', 'same', 'same', 'same']","['modify-2', 'same', 'same', 'same', 'same', 'modify-2', 'modify-2', 'modify-2', 'modify-2', 'same', 'same', 'same', 'same', 'same', 'same', 'same', 'modify-2', 'modify-2', 'modify-2', 'modify-2', 'modify-3', 'modify-1', 'modify-2', 'modify-2', 'modify-2', 'same', 'same', 'same', 'same', 'same']"
stu29_ade_p3_logs.csv,0.59375,OfflineOnlineSVM,"defaultdict(None, {'modify-2': (11, 0.6363636363636364), 'same': (15, 0.6666666666666666), 'modify-1': (3, 0.3333333333333333), 'modify-3': (3, 0.3333333333333333)})","['modify-2', 'modify-2', 'modify-2', 'same', 'modify-1', 'same', 'same', 'modify-2', 'modify-3', 'modify-3', 'modify-2', 'modify-2', 'modify-2', 'same', 'same', 'same', 'same', 'same', 'same', 'modify-3', 'modify-3', 'modify-2', 'modify-2', 'modify-2', 'modify-2', 'same', 'modify-1', 'modify-1', 'same', 'same', 'same', 'same']","['modify-2', 'modify-2', 'same', 'modify-1', 'same', 'same', 'modify-2', 'modify-3', 'modify-2', 'modify-2', 'modify-2', 'modify-2', 'same', 'same', 'same', 'same', 'same', 'same', 'modify-3', 'modify-3', 'modify-2', 'modify-2', 'modify-2', 'modify-2', 'same', 'modify-1', 'modify-1', 'same', 'same', 'same', 'same', 'same']"
pro22_ade_p3_logs.csv,0.9,OfflineOnlineSVM,"defaultdict(None, {'same': (36, 0.9444444444444444), 'modify-2': (4, 0.5)})","['same', 'same', 'same', 'same', 'same', 'same', 'same', 'same', 'same', 'same', 'same', 'same', 'same', 'same', 'same', 'same', 'same', 'same', 'modify-2', 'modify-2', 'same', 'same', 'same', 'same', 'same', 'same', 'same', 'same', 'same', 'modify-2', 'modify-2', 'same', 'same', 'same', 'same', 'same', 'same', 'same', 'same', 'same']","['same', 'same', 'same', 'same', 'same', 'same', 'same', 'same', 'same', 'same', 'same', 'same', 'same', 'same', 'same', 'same', 'same', 'modify-2', 'modify-2', 'same', 'same', 'same', 'same', 'same', 'same', 'same', 'same', 'same', 'modify-2', 'modify-2', 'same', 'same', 'same', 'same', 'same', 'same', 'same', 'same', 'same', 'same']"
stu17_ace_p3_logs.csv,0.6,OfflineOnlineSVM,"defaultdict(None, {'modify-2': (4, 0.75), 'same': (8, 0.625), 'modify-1': (3, 0.3333333333333333)})","['modify-2', 'modify-2', 'modify-2', 'same', 'same', 'same', 'modify-1', 'modify-1', 'modify-2', 'modify-2', 'modify-2', 'same', 'same', 'same', 'same']","['modify-2', 'same', 'same', 'same', 'same', 'modify-1', 'modify-1', 'modify-2', 'modify-2', 'modify-2', 'same', 'same', 'same', 'modify-1', 'same']"
pro23_acf_p3_logs.csv,0.868421052631579,OfflineOnlineSVM,"defaultdict(None, {'modify-2': (3, 0.3333333333333333), 'same': (35, 0.9142857142857143)})","['modify-2', 'modify-2', 'same', 'same', 'same', 'same', 'same', 'same', 'same', 'same', 'same', 'same', 'same', 'same', 'modify-2', 'same', 'modify-2', 'same', 'same', 'same', 'same', 'same', 'same', 'same', 'same', 'same', 'same', 'same', 'same', 'same', 'same', 'same', 'same', 'same', 'same', 'same', 'same', 'same']","['modify-2', 'same', 'same', 'same', 'same', 'same', 'same', 'same', 'same', 'same', 'same', 'same', 'same', 'modify-2', 'same', 'modify-2', 'same', 'same', 'same', 'same', 'same', 'same', 'same', 'same', 'same', 'same', 'same', 'same', 'same', 'same', 'same', 'same', 'same', 'same', 'same', 'same', 'same', 'same']"
pro8_acf_p3_logs.csv,0.6956521739130435,OfflineOnlineSVM,"defaultdict(None, {'modify-2': (10, 0.7), 'same': (13, 0.6923076923076923)})","['modify-2', 'modify-2', 'modify-2', 'same', 'same', 'same', 'modify-2', 'modify-2', 'same', 'same', 'same', 'same', 'modify-2', 'modify-2', 'same', 'same', 'same', 'modify-2', 'modify-2', 'modify-2', 'modify-2', 'same', 'same']","['modify-2', 'modify-2', 'same', 'same', 'same', 'modify-2', 'modify-2', 'same', 'same', 'same', 'same', 'modify-2', 'modify-2', 'same', 'same', 'same', 'modify-2', 'modify-2', 'modify-2', 'modify-2', 'same', 'same', 'same']"
stu36_adf_p3_logs.csv,0.896551724137931,OfflineOnlineSVM,"defaultdict(None, {'modify-2': (7, 0.8571428571428571), 'same': (22, 0.9090909090909091)})","['modify-2', 'modify-2', 'modify-2', 'modify-2', 'same', 'same', 'same', 'same', 'same', 'same', 'same', 'same', 'same', 'same', 'same', 'same', 'modify-2', 'modify-2', 'modify-2', 'modify-2', 'same', 'same', 'same', 'same', 'same', 'same', 'same', 'same', 'same']","['modify-2', 'modify-2', 'modify-2', 'same', 'same', 'same', 'same', 'same', 'same', 'same', 'same', 'same', 'same', 'same', 'same', 'modify-2', 'modify-2', 'modify-2', 'modify-2', 'same', 'same', 'same', 'same', 'same', 'same', 'same', 'same', 'same', 'same']"
