User,Accuracy,GranularPredictions,Predictions,GroundTruth
data/zheng/processed_interactions_p2/pro20_ade_p2_logs.csv,0.5072463768115942,"defaultdict(None, {'same': (45, 0.5555555555555556), 'modify-1': (21, 0.47619047619047616), 'modify-2': (3, 0.0)})","['modify-1', 'modify-1', 'modify-1', 'modify-1', 'modify-1', 'modify-1', 'same', 'modify-1', 'same', 'same', 'same', 'same', 'same', 'modify-1', 'modify-1', 'modify-1', 'modify-1', 'modify-1', 'modify-1', 'same', 'same', 'same', 'modify-1', 'same', 'modify-1', 'modify-1', 'same', 'same', 'same', 'same', 'same', 'modify-1', 'modify-1', 'same', 'modify-1', 'same', 'same', 'modify-1', 'modify-1', 'same', 'same', 'same', 'same', 'same', 'modify-1', 'same', 'same', 'modify-1', 'same', 'same', 'modify-1', 'same', 'same', 'same', 'same', 'same', 'same', 'modify-1', 'same', 'modify-1', 'modify-1', 'modify-1', 'same', 'modify-1', 'same', 'modify-1', 'modify-1', 'modify-1', 'same']","['same', 'same', 'same', 'same', 'same', 'modify-1', 'same', 'modify-1', 'modify-1', 'same', 'modify-1', 'same', 'modify-1', 'modify-1', 'same', 'same', 'same', 'modify-1', 'same', 'same', 'same', 'same', 'modify-1', 'same', 'same', 'modify-1', 'same', 'same', 'modify-1', 'modify-1', 'same', 'modify-2', 'modify-1', 'modify-1', 'modify-1', 'same', 'same', 'same', 'modify-1', 'same', 'same', 'modify-1', 'same', 'same', 'same', 'modify-1', 'modify-1', 'same', 'modify-1', 'same', 'modify-1', 'modify-1', 'same', 'same', 'same', 'same', 'modify-2', 'modify-2', 'same', 'same', 'same', 'same', 'same', 'same', 'same', 'same', 'same', 'same', 'same']"
data/zheng/processed_interactions_p2/pro22_ade_p2_logs.csv,0.5,"defaultdict(None, {'modify-1': (39, 0.0), 'same': (44, 1.0), 'modify-2': (5, 0.0)})","['same', 'same', 'same', 'same', 'same', 'same', 'same', 'same', 'same', 'same', 'same', 'same', 'same', 'same', 'same', 'same', 'same', 'same', 'same', 'same', 'same', 'same', 'same', 'same', 'same', 'same', 'same', 'same', 'same', 'same', 'same', 'same', 'same', 'same', 'same', 'same', 'same', 'same', 'same', 'same', 'same', 'same', 'same', 'same', 'same', 'same', 'same', 'same', 'same', 'same', 'same', 'same', 'same', 'same', 'same', 'same', 'same', 'same', 'same', 'same', 'same', 'same', 'same', 'same', 'same', 'same', 'same', 'same', 'same', 'same', 'same', 'same', 'same', 'same', 'same', 'same', 'same', 'same', 'same', 'same', 'same', 'same', 'same', 'same', 'same', 'same', 'same', 'same']","['modify-1', 'modify-1', 'modify-1', 'same', 'same', 'same', 'modify-1', 'modify-1', 'modify-1', 'modify-1', 'same', 'same', 'same', 'same', 'same', 'same', 'same', 'modify-1', 'modify-1', 'same', 'same', 'same', 'same', 'modify-1', 'modify-1', 'modify-1', 'same', 'same', 'same', 'modify-1', 'same', 'same', 'same', 'same', 'same', 'modify-1', 'modify-1', 'modify-1', 'modify-1', 'modify-1', 'modify-1', 'modify-1', 'same', 'modify-1', 'modify-1', 'same', 'modify-1', 'modify-1', 'same', 'modify-1', 'same', 'modify-1', 'same', 'modify-1', 'modify-1', 'modify-1', 'same', 'same', 'modify-1', 'modify-2', 'modify-1', 'modify-2', 'modify-2', 'same', 'same', 'same', 'modify-1', 'same', 'same', 'modify-1', 'same', 'modify-1', 'modify-1', 'modify-1', 'modify-1', 'same', 'same', 'same', 'modify-2', 'modify-2', 'same', 'same', 'modify-1', 'modify-1', 'same', 'same', 'same', 'same']"
data/zheng/processed_interactions_p2/pro18_adf_p2_logs.csv,0.8571428571428571,"defaultdict(None, {'same': (24, 1.0), 'modify-1': (2, 0.0), 'modify-2': (2, 0.0)})","['same', 'same', 'same', 'same', 'same', 'same', 'same', 'same', 'same', 'same', 'same', 'same', 'same', 'same', 'same', 'same', 'same', 'same', 'same', 'same', 'same', 'same', 'same', 'same', 'same', 'same', 'same', 'same']","['same', 'same', 'same', 'same', 'same', 'same', 'same', 'modify-1', 'modify-1', 'same', 'same', 'modify-2', 'modify-2', 'same', 'same', 'same', 'same', 'same', 'same', 'same', 'same', 'same', 'same', 'same', 'same', 'same', 'same', 'same']"
data/zheng/processed_interactions_p2/pro17_ace_p2_logs.csv,0.6989247311827957,"defaultdict(None, {'same': (65, 0.8923076923076924), 'modify-1': (26, 0.2692307692307692), 'modify-2': (2, 0.0)})","['same', 'same', 'same', 'same', 'same', 'same', 'same', 'same', 'same', 'same', 'same', 'same', 'same', 'same', 'same', 'same', 'same', 'same', 'same', 'same', 'same', 'same', 'same', 'same', 'same', 'same', 'same', 'same', 'same', 'same', 'same', 'same', 'same', 'same', 'same', 'same', 'same', 'same', 'same', 'same', 'same', 'same', 'same', 'same', 'same', 'same', 'same', 'same', 'same', 'same', 'same', 'same', 'same', 'same', 'same', 'same', 'same', 'modify-1', 'same', 'modify-1', 'same', 'modify-1', 'same', 'same', 'same', 'modify-1', 'same', 'modify-1', 'modify-1', 'modify-1', 'same', 'same', 'same', 'same', 'modify-1', 'same', 'modify-1', 'same', 'modify-1', 'same', 'same', 'same', 'modify-1', 'same', 'same', 'same', 'same', 'modify-1', 'same', 'modify-1', 'same', 'modify-1', 'same']","['same', 'modify-1', 'modify-1', 'same', 'same', 'same', 'same', 'same', 'same', 'same', 'modify-1', 'same', 'same', 'same', 'same', 'same', 'same', 'same', 'same', 'same', 'same', 'same', 'same', 'modify-1', 'same', 'same', 'modify-1', 'same', 'modify-1', 'same', 'modify-1', 'same', 'modify-1', 'same', 'same', 'modify-1', 'same', 'modify-1', 'same', 'modify-1', 'modify-1', 'same', 'same', 'same', 'modify-1', 'modify-1', 'same', 'same', 'same', 'same', 'modify-2', 'modify-2', 'same', 'same', 'same', 'same', 'same', 'modify-1', 'same', 'same', 'modify-1', 'same', 'same', 'same', 'same', 'same', 'same', 'same', 'modify-1', 'modify-1', 'modify-1', 'modify-1', 'same', 'same', 'same', 'same', 'modify-1', 'same', 'modify-1', 'same', 'same', 'same', 'same', 'same', 'same', 'same', 'modify-1', 'modify-1', 'same', 'same', 'modify-1', 'modify-1', 'same']"
data/zheng/processed_interactions_p2/pro23_acf_p2_logs.csv,0.5825242718446602,"defaultdict(None, {'modify-1': (19, 0.0), 'same': (61, 0.9836065573770492), 'modify-2': (20, 0.0), 'modify-3': (3, 0.0)})","['same', 'same', 'same', 'same', 'same', 'same', 'same', 'same', 'same', 'same', 'same', 'same', 'same', 'same', 'same', 'same', 'same', 'same', 'same', 'same', 'same', 'same', 'same', 'same', 'same', 'same', 'same', 'same', 'same', 'same', 'same', 'same', 'same', 'same', 'same', 'same', 'same', 'same', 'same', 'same', 'same', 'same', 'same', 'same', 'same', 'same', 'same', 'same', 'same', 'same', 'same', 'same', 'same', 'same', 'same', 'modify-1', 'same', 'same', 'same', 'same', 'same', 'same', 'same', 'same', 'same', 'same', 'same', 'same', 'same', 'same', 'same', 'same', 'same', 'same', 'same', 'same', 'same', 'same', 'same', 'same', 'same', 'same', 'same', 'same', 'same', 'same', 'same', 'same', 'same', 'same', 'same', 'same', 'same', 'same', 'same', 'same', 'same', 'same', 'same', 'same', 'same', 'same', 'same']","['modify-1', 'same', 'same', 'same', 'same', 'same', 'same', 'same', 'modify-1', 'modify-1', 'modify-1', 'modify-1', 'modify-1', 'modify-1', 'modify-1', 'modify-1', 'modify-2', 'same', 'same', 'modify-2', 'same', 'same', 'same', 'modify-3', 'modify-1', 'modify-2', 'same', 'modify-2', 'same', 'same', 'same', 'modify-2', 'same', 'modify-3', 'modify-2', 'modify-2', 'same', 'same', 'modify-2', 'same', 'same', 'same', 'same', 'modify-2', 'same', 'modify-2', 'same', 'same', 'same', 'same', 'same', 'same', 'same', 'same', 'same', 'same', 'same', 'same', 'same', 'same', 'same', 'same', 'modify-2', 'modify-2', 'modify-1', 'modify-1', 'modify-1', 'modify-1', 'same', 'same', 'same', 'same', 'same', 'same', 'same', 'same', 'same', 'same', 'same', 'same', 'modify-2', 'modify-2', 'same', 'same', 'same', 'modify-2', 'same', 'same', 'modify-1', 'modify-1', 'modify-1', 'modify-3', 'modify-2', 'modify-1', 'modify-1', 'modify-2', 'same', 'modify-2', 'same', 'modify-2', 'modify-2', 'same', 'same']"
data/zheng/processed_interactions_p2/pro21_ade_p2_logs.csv,0.6410256410256411,"defaultdict(None, {'same': (50, 1.0), 'modify-1': (20, 0.0), 'modify-2': (6, 0.0), 'modify-3': (2, 0.0)})","['same', 'same', 'same', 'same', 'same', 'same', 'same', 'same', 'same', 'same', 'same', 'same', 'same', 'same', 'same', 'same', 'same', 'same', 'same', 'same', 'same', 'same', 'same', 'same', 'same', 'same', 'same', 'same', 'same', 'same', 'same', 'same', 'same', 'same', 'same', 'same', 'same', 'same', 'same', 'same', 'same', 'same', 'same', 'same', 'same', 'same', 'same', 'same', 'same', 'same', 'same', 'same', 'same', 'same', 'same', 'same', 'same', 'same', 'same', 'same', 'same', 'same', 'same', 'same', 'same', 'same', 'same', 'same', 'same', 'same', 'same', 'same', 'same', 'same', 'same', 'same', 'same', 'same']","['same', 'modify-1', 'same', 'same', 'modify-1', 'same', 'modify-1', 'modify-1', 'same', 'same', 'same', 'modify-2', 'modify-2', 'same', 'same', 'same', 'same', 'same', 'same', 'same', 'same', 'same', 'same', 'same', 'modify-2', 'modify-2', 'same', 'modify-2', 'modify-2', 'same', 'same', 'same', 'modify-1', 'same', 'modify-1', 'modify-1', 'modify-1', 'same', 'modify-1', 'modify-1', 'same', 'same', 'same', 'modify-3', 'modify-3', 'same', 'modify-1', 'same', 'same', 'same', 'modify-1', 'same', 'modify-1', 'same', 'same', 'same', 'modify-1', 'modify-1', 'same', 'same', 'same', 'modify-1', 'same', 'same', 'same', 'modify-1', 'same', 'same', 'modify-1', 'modify-1', 'same', 'same', 'modify-1', 'same', 'same', 'same', 'same', 'same']"
data/zheng/processed_interactions_p2/pro13_ace_p2_logs.csv,0.5714285714285714,"defaultdict(None, {'modify-1': (8, 0.0), 'same': (16, 1.0), 'modify-2': (2, 0.0), 'modify-3': (2, 0.0)})","['same', 'same', 'same', 'same', 'same', 'same', 'same', 'same', 'same', 'same', 'same', 'same', 'same', 'same', 'same', 'same', 'same', 'same', 'same', 'same', 'same', 'same', 'same', 'same', 'same', 'same', 'same', 'same']","['modify-1', 'same', 'modify-1', 'same', 'same', 'modify-1', 'modify-1', 'same', 'modify-1', 'modify-1', 'modify-2', 'modify-2', 'modify-1', 'same', 'modify-1', 'same', 'same', 'same', 'modify-3', 'modify-3', 'same', 'same', 'same', 'same', 'same', 'same', 'same', 'same']"
data/zheng/processed_interactions_p2/pro24_adf_p2_logs.csv,0.6666666666666666,"defaultdict(None, {'same': (16, 1.0), 'modify-1': (5, 0.0), 'modify-2': (3, 0.0)})","['same', 'same', 'same', 'same', 'same', 'same', 'same', 'same', 'same', 'same', 'same', 'same', 'same', 'same', 'same', 'same', 'same', 'same', 'same', 'same', 'same', 'same', 'same', 'same']","['same', 'modify-1', 'same', 'same', 'same', 'modify-1', 'modify-1', 'same', 'same', 'same', 'modify-2', 'modify-2', 'same', 'same', 'same', 'same', 'modify-1', 'modify-2', 'same', 'modify-1', 'same', 'same', 'same', 'same']"
data/zheng/processed_interactions_p2/pro25_acf_p2_logs.csv,0.6,"defaultdict(None, {'same': (15, 1.0), 'modify-1': (4, 0.0), 'modify-2': (6, 0.0)})","['same', 'same', 'same', 'same', 'same', 'same', 'same', 'same', 'same', 'same', 'same', 'same', 'same', 'same', 'same', 'same', 'same', 'same', 'same', 'same', 'same', 'same', 'same', 'same', 'same']","['same', 'same', 'modify-1', 'same', 'same', 'modify-1', 'same', 'same', 'same', 'same', 'same', 'modify-1', 'modify-1', 'same', 'modify-2', 'modify-2', 'modify-2', 'modify-2', 'modify-2', 'modify-2', 'same', 'same', 'same', 'same', 'same']"
data/zheng/processed_interactions_p2/pro15_ade_p2_logs.csv,0.64,"defaultdict(None, {'same': (33, 0.9696969696969697), 'modify-1': (9, 0.0), 'modify-2': (7, 0.0), 'modify-3': (1, 0.0)})","['same', 'same', 'same', 'same', 'same', 'same', 'same', 'same', 'same', 'same', 'same', 'same', 'same', 'same', 'same', 'same', 'modify-1', 'same', 'same', 'same', 'same', 'same', 'same', 'modify-1', 'same', 'same', 'same', 'same', 'same', 'same', 'same', 'same', 'same', 'same', 'same', 'same', 'same', 'same', 'same', 'same', 'same', 'same', 'same', 'same', 'same', 'same', 'same', 'same', 'same', 'same']","['same', 'modify-1', 'modify-1', 'modify-1', 'same', 'modify-1', 'modify-1', 'same', 'same', 'same', 'same', 'same', 'same', 'same', 'modify-2', 'modify-2', 'modify-2', 'modify-2', 'modify-2', 'modify-2', 'same', 'same', 'same', 'same', 'same', 'same', 'same', 'same', 'same', 'same', 'same', 'modify-1', 'modify-2', 'modify-3', 'same', 'same', 'same', 'same', 'same', 'same', 'same', 'modify-1', 'same', 'modify-1', 'same', 'modify-1', 'same', 'same', 'same', 'same']"
data/zheng/processed_interactions_p2/pro29_ace_p2_logs.csv,0.7142857142857143,"defaultdict(None, {'modify-1': (4, 0.0), 'same': (15, 1.0), 'modify-2': (2, 0.0)})","['same', 'same', 'same', 'same', 'same', 'same', 'same', 'same', 'same', 'same', 'same', 'same', 'same', 'same', 'same', 'same', 'same', 'same', 'same', 'same', 'same']","['modify-1', 'same', 'modify-1', 'same', 'modify-1', 'modify-1', 'same', 'modify-2', 'modify-2', 'same', 'same', 'same', 'same', 'same', 'same', 'same', 'same', 'same', 'same', 'same', 'same']"
data/zheng/processed_interactions_p2/pro31_adf_p2_logs.csv,0.5,"defaultdict(None, {'same': (7, 1.0), 'modify-1': (5, 0.0), 'modify-2': (2, 0.0)})","['same', 'same', 'same', 'same', 'same', 'same', 'same', 'same', 'same', 'same', 'same', 'same', 'same', 'same']","['same', 'modify-1', 'same', 'modify-1', 'modify-1', 'modify-2', 'modify-2', 'same', 'same', 'modify-1', 'same', 'same', 'modify-1', 'same']"
data/zheng/processed_interactions_p2/pro3_ace_p2_logs.csv,0.5454545454545454,"defaultdict(None, {'modify-1': (14, 0.0), 'same': (30, 1.0), 'modify-2': (8, 0.0), 'modify-3': (3, 0.0)})","['same', 'same', 'same', 'same', 'same', 'same', 'same', 'same', 'same', 'modify-1', 'same', 'same', 'same', 'same', 'same', 'same', 'same', 'same', 'same', 'same', 'same', 'same', 'same', 'same', 'same', 'same', 'same', 'same', 'same', 'same', 'same', 'same', 'same', 'same', 'same', 'same', 'same', 'same', 'same', 'same', 'same', 'same', 'same', 'same', 'same', 'same', 'same', 'same', 'same', 'same', 'same', 'same', 'same', 'same', 'same']","['modify-1', 'same', 'same', 'modify-1', 'same', 'modify-1', 'modify-1', 'modify-2', 'modify-2', 'modify-3', 'modify-3', 'modify-2', 'modify-2', 'modify-2', 'modify-2', 'same', 'same', 'same', 'same', 'modify-1', 'modify-1', 'modify-1', 'same', 'same', 'same', 'same', 'same', 'modify-1', 'same', 'same', 'same', 'modify-1', 'same', 'modify-1', 'modify-2', 'same', 'modify-1', 'same', 'modify-1', 'same', 'same', 'modify-3', 'modify-2', 'same', 'same', 'same', 'same', 'same', 'same', 'same', 'same', 'modify-1', 'modify-1', 'same', 'same']"
data/zheng/processed_interactions_p2/pro5_adf_p2_logs.csv,0.7142857142857143,"defaultdict(None, {'same': (50, 1.0), 'modify-1': (6, 0.0), 'modify-2': (14, 0.0)})","['same', 'same', 'same', 'same', 'same', 'same', 'same', 'same', 'same', 'same', 'same', 'same', 'same', 'same', 'same', 'same', 'same', 'same', 'same', 'same', 'same', 'same', 'same', 'same', 'same', 'same', 'same', 'same', 'same', 'same', 'same', 'same', 'same', 'same', 'same', 'same', 'same', 'same', 'same', 'same', 'same', 'same', 'same', 'same', 'same', 'same', 'same', 'same', 'same', 'same', 'same', 'same', 'same', 'same', 'same', 'same', 'same', 'same', 'same', 'same', 'same', 'same', 'same', 'same', 'same', 'same', 'same', 'same', 'same', 'same']","['same', 'modify-1', 'modify-1', 'modify-2', 'modify-2', 'same', 'same', 'same', 'same', 'same', 'same', 'same', 'same', 'same', 'same', 'same', 'same', 'same', 'same', 'same', 'same', 'same', 'same', 'same', 'same', 'same', 'same', 'same', 'same', 'same', 'modify-2', 'modify-2', 'modify-2', 'modify-2', 'modify-2', 'modify-2', 'modify-2', 'modify-2', 'same', 'modify-2', 'modify-2', 'same', 'same', 'same', 'same', 'same', 'same', 'same', 'same', 'same', 'same', 'same', 'same', 'same', 'same', 'same', 'same', 'same', 'same', 'same', 'same', 'modify-1', 'modify-1', 'modify-1', 'modify-1', 'modify-2', 'modify-2', 'same', 'same', 'same']"
data/zheng/processed_interactions_p2/pro9_acf_p2_logs.csv,0.625,"defaultdict(None, {'same': (15, 1.0), 'modify-1': (3, 0.0), 'modify-2': (6, 0.0)})","['same', 'same', 'same', 'same', 'same', 'same', 'same', 'same', 'same', 'same', 'same', 'same', 'same', 'same', 'same', 'same', 'same', 'same', 'same', 'same', 'same', 'same', 'same', 'same']","['same', 'modify-1', 'same', 'same', 'modify-1', 'modify-1', 'modify-2', 'modify-2', 'modify-2', 'modify-2', 'same', 'same', 'same', 'same', 'same', 'modify-2', 'same', 'same', 'modify-2', 'same', 'same', 'same', 'same', 'same']"
data/zheng/processed_interactions_p2/pro8_acf_p2_logs.csv,0.6771653543307087,"defaultdict(None, {'modify-1': (9, 0.0), 'same': (91, 0.945054945054945), 'modify-2': (25, 0.0), 'modify-3': (2, 0.0)})","['same', 'same', 'same', 'same', 'same', 'same', 'same', 'same', 'same', 'same', 'same', 'same', 'same', 'same', 'same', 'same', 'same', 'same', 'same', 'same', 'same', 'same', 'same', 'same', 'same', 'same', 'same', 'same', 'same', 'same', 'same', 'same', 'same', 'same', 'same', 'same', 'same', 'same', 'modify-3', 'same', 'modify-2', 'same', 'modify-1', 'same', 'same', 'same', 'same', 'same', 'same', 'same', 'same', 'same', 'same', 'same', 'same', 'same', 'same', 'same', 'same', 'same', 'same', 'same', 'same', 'same', 'same', 'same', 'same', 'same', 'same', 'same', 'same', 'same', 'same', 'same', 'same', 'same', 'same', 'same', 'same', 'same', 'same', 'same', 'same', 'same', 'same', 'same', 'same', 'same', 'same', 'same', 'same', 'same', 'same', 'same', 'same', 'same', 'same', 'same', 'same', 'same', 'modify-1', 'same', 'modify-2', 'same', 'same', 'same', 'same', 'same', 'same', 'same', 'same', 'same', 'same', 'same', 'same', 'same', 'same', 'same', 'same', 'same', 'same', 'same', 'same', 'same', 'same', 'same', 'same']","['modify-1', 'same', 'modify-1', 'modify-1', 'same', 'same', 'modify-2', 'modify-2', 'same', 'same', 'same', 'modify-2', 'same', 'same', 'same', 'same', 'modify-2', 'same', 'same', 'modify-2', 'same', 'same', 'modify-2', 'modify-1', 'same', 'modify-1', 'modify-1', 'same', 'same', 'modify-2', 'same', 'same', 'same', 'modify-2', 'modify-2', 'modify-2', 'modify-2', 'same', 'same', 'same', 'same', 'same', 'same', 'same', 'same', 'modify-2', 'same', 'modify-3', 'modify-2', 'same', 'modify-2', 'same', 'same', 'modify-2', 'same', 'modify-1', 'modify-1', 'same', 'same', 'modify-2', 'modify-2', 'modify-2', 'same', 'same', 'same', 'modify-1', 'modify-3', 'modify-2', 'same', 'same', 'same', 'same', 'same', 'same', 'same', 'same', 'same', 'same', 'same', 'same', 'same', 'same', 'same', 'same', 'modify-2', 'modify-2', 'same', 'same', 'same', 'same', 'same', 'same', 'same', 'same', 'same', 'same', 'same', 'same', 'same', 'same', 'same', 'same', 'same', 'modify-2', 'modify-2', 'same', 'same', 'same', 'same', 'same', 'modify-2', 'modify-2', 'same', 'same', 'same', 'same', 'same', 'same', 'same', 'same', 'same', 'same', 'same', 'same', 'same', 'same', 'same']"
data/zheng/processed_interactions_p2/stu10_acf_p2_logs.csv,0.6578947368421053,"defaultdict(None, {'modify-1': (3, 0.0), 'same': (25, 1.0), 'modify-2': (8, 0.0), 'modify-3': (2, 0.0)})","['same', 'same', 'same', 'same', 'same', 'same', 'same', 'same', 'same', 'same', 'same', 'same', 'same', 'same', 'same', 'same', 'same', 'same', 'same', 'same', 'same', 'same', 'same', 'same', 'same', 'same', 'same', 'same', 'same', 'same', 'same', 'same', 'same', 'same', 'same', 'same', 'same', 'same']","['modify-1', 'same', 'same', 'same', 'modify-1', 'modify-1', 'modify-2', 'modify-2', 'same', 'same', 'same', 'same', 'same', 'same', 'modify-2', 'same', 'modify-3', 'modify-3', 'same', 'same', 'modify-2', 'same', 'same', 'same', 'modify-2', 'modify-2', 'same', 'same', 'same', 'same', 'same', 'same', 'modify-2', 'modify-2', 'same', 'same', 'same', 'same']"
data/zheng/processed_interactions_p2/stu15_ade_p2_logs.csv,0.5915492957746479,"defaultdict(None, {'same': (82, 0.926829268292683), 'modify-1': (43, 0.18604651162790697), 'modify-2': (17, 0.0)})","['same', 'same', 'same', 'modify-1', 'same', 'same', 'same', 'same', 'same', 'same', 'same', 'same', 'same', 'same', 'modify-1', 'same', 'same', 'same', 'same', 'same', 'same', 'same', 'same', 'modify-1', 'same', 'same', 'modify-1', 'same', 'same', 'same', 'same', 'same', 'same', 'modify-1', 'same', 'same', 'modify-1', 'same', 'same', 'modify-1', 'same', 'same', 'same', 'same', 'same', 'same', 'modify-1', 'same', 'same', 'same', 'same', 'same', 'same', 'same', 'same', 'same', 'same', 'same', 'same', 'same', 'same', 'same', 'same', 'same', 'same', 'same', 'same', 'same', 'same', 'same', 'same', 'same', 'same', 'same', 'same', 'same', 'modify-1', 'same', 'same', 'same', 'same', 'same', 'same', 'same', 'same', 'same', 'same', 'same', 'same', 'same', 'same', 'same', 'same', 'same', 'same', 'same', 'same', 'same', 'same', 'same', 'same', 'same', 'same', 'modify-1', 'same', 'same', 'modify-1', 'same', 'modify-1', 'same', 'same', 'same', 'same', 'modify-1', 'same', 'same', 'same', 'same', 'same', 'same', 'same', 'same', 'same', 'same', 'same', 'same', 'same', 'same', 'same', 'same', 'same', 'same', 'same', 'same', 'same', 'same', 'same', 'same', 'modify-1', 'same', 'same', 'same']","['same', 'modify-1', 'modify-1', 'modify-1', 'modify-1', 'modify-1', 'modify-1', 'same', 'same', 'modify-2', 'modify-2', 'same', 'same', 'same', 'same', 'same', 'modify-1', 'same', 'same', 'same', 'same', 'same', 'same', 'modify-1', 'same', 'modify-1', 'same', 'same', 'same', 'same', 'same', 'modify-1', 'modify-1', 'modify-1', 'same', 'modify-1', 'same', 'same', 'same', 'modify-1', 'same', 'same', 'modify-1', 'same', 'modify-1', 'same', 'same', 'same', 'same', 'same', 'modify-2', 'modify-2', 'same', 'same', 'same', 'same', 'modify-1', 'same', 'modify-1', 'same', 'same', 'same', 'modify-1', 'same', 'modify-1', 'same', 'modify-2', 'modify-2', 'same', 'same', 'modify-1', 'same', 'same', 'same', 'same', 'same', 'modify-1', 'same', 'same', 'same', 'same', 'same', 'modify-2', 'modify-2', 'same', 'same', 'modify-2', 'modify-2', 'same', 'same', 'same', 'modify-1', 'modify-1', 'modify-1', 'modify-1', 'same', 'same', 'modify-1', 'same', 'modify-1', 'modify-1', 'modify-1', 'same', 'modify-1', 'modify-1', 'same', 'modify-1', 'modify-1', 'same', 'modify-1', 'same', 'modify-1', 'same', 'modify-1', 'modify-2', 'modify-2', 'modify-2', 'modify-2', 'same', 'same', 'modify-1', 'same', 'modify-1', 'same', 'same', 'modify-1', 'modify-1', 'modify-2', 'same', 'modify-1', 'same', 'modify-1', 'modify-2', 'modify-2', 'same', 'same', 'same', 'same', 'same', 'same', 'same', 'same']"
data/zheng/processed_interactions_p2/stu11_adf_p2_logs.csv,0.6111111111111112,"defaultdict(None, {'modify-1': (5, 0.0), 'same': (11, 1.0), 'modify-2': (2, 0.0)})","['same', 'same', 'same', 'same', 'same', 'same', 'same', 'same', 'same', 'same', 'same', 'same', 'same', 'same', 'same', 'same', 'same', 'same']","['modify-1', 'same', 'modify-1', 'modify-1', 'modify-2', 'modify-2', 'same', 'same', 'same', 'same', 'same', 'same', 'same', 'modify-1', 'same', 'modify-1', 'same', 'same']"
data/zheng/processed_interactions_p2/stu13_acf_p2_logs.csv,0.7272727272727273,"defaultdict(None, {'same': (16, 1.0), 'modify-1': (2, 0.0), 'modify-2': (3, 0.0), 'modify-3': (1, 0.0)})","['same', 'same', 'same', 'same', 'same', 'same', 'same', 'same', 'same', 'same', 'same', 'same', 'same', 'same', 'same', 'same', 'same', 'same', 'same', 'same', 'same', 'same']","['same', 'same', 'same', 'modify-1', 'modify-1', 'same', 'same', 'same', 'same', 'same', 'same', 'modify-2', 'same', 'modify-3', 'modify-2', 'same', 'same', 'same', 'same', 'same', 'modify-2', 'same']"
data/zheng/processed_interactions_p2/stu26_ace_p2_logs.csv,0.7368421052631579,"defaultdict(None, {'same': (14, 1.0), 'modify-1': (3, 0.0), 'modify-2': (2, 0.0)})","['same', 'same', 'same', 'same', 'same', 'same', 'same', 'same', 'same', 'same', 'same', 'same', 'same', 'same', 'same', 'same', 'same', 'same', 'same']","['same', 'modify-1', 'same', 'modify-1', 'modify-1', 'same', 'same', 'modify-2', 'modify-2', 'same', 'same', 'same', 'same', 'same', 'same', 'same', 'same', 'same', 'same']"
data/zheng/processed_interactions_p2/stu17_ace_p2_logs.csv,0.6666666666666666,"defaultdict(None, {'same': (12, 1.0), 'modify-1': (4, 0.0), 'modify-2': (2, 0.0)})","['same', 'same', 'same', 'same', 'same', 'same', 'same', 'same', 'same', 'same', 'same', 'same', 'same', 'same', 'same', 'same', 'same', 'same']","['same', 'modify-1', 'modify-1', 'same', 'same', 'same', 'same', 'modify-2', 'modify-2', 'same', 'same', 'same', 'same', 'same', 'modify-1', 'same', 'modify-1', 'same']"
data/zheng/processed_interactions_p2/stu21_ace_p2_logs.csv,0.49640287769784175,"defaultdict(None, {'modify-1': (67, 0.0), 'same': (69, 1.0), 'modify-2': (3, 0.0)})","['same', 'same', 'same', 'same', 'same', 'same', 'same', 'same', 'same', 'same', 'same', 'same', 'same', 'same', 'same', 'same', 'same', 'same', 'same', 'same', 'same', 'same', 'same', 'same', 'same', 'same', 'same', 'same', 'same', 'same', 'same', 'same', 'same', 'same', 'same', 'same', 'same', 'same', 'same', 'same', 'same', 'same', 'same', 'same', 'same', 'same', 'same', 'same', 'same', 'same', 'same', 'same', 'same', 'same', 'same', 'same', 'same', 'same', 'same', 'same', 'same', 'same', 'same', 'same', 'same', 'same', 'same', 'same', 'same', 'same', 'same', 'same', 'same', 'same', 'same', 'same', 'same', 'same', 'same', 'same', 'same', 'same', 'same', 'same', 'same', 'same', 'same', 'same', 'same', 'same', 'same', 'same', 'same', 'same', 'same', 'same', 'same', 'same', 'same', 'same', 'same', 'same', 'same', 'same', 'same', 'same', 'same', 'same', 'same', 'same', 'same', 'same', 'same', 'same', 'same', 'same', 'same', 'same', 'same', 'same', 'same', 'same', 'same', 'same', 'same', 'same', 'same', 'same', 'same', 'same', 'same', 'same', 'same', 'same', 'same', 'same', 'same', 'same', 'same']","['modify-1', 'same', 'same', 'modify-1', 'same', 'modify-1', 'same', 'same', 'same', 'modify-1', 'modify-1', 'same', 'same', 'modify-1', 'same', 'modify-1', 'same', 'modify-1', 'modify-1', 'same', 'modify-1', 'same', 'modify-1', 'modify-1', 'modify-1', 'modify-1', 'modify-1', 'modify-1', 'modify-1', 'same', 'same', 'same', 'modify-1', 'same', 'same', 'modify-1', 'modify-1', 'modify-1', 'modify-1', 'same', 'same', 'modify-1', 'same', 'modify-1', 'same', 'same', 'modify-1', 'modify-1', 'same', 'modify-1', 'same', 'modify-1', 'same', 'modify-1', 'same', 'same', 'modify-1', 'modify-1', 'modify-1', 'modify-1', 'same', 'same', 'modify-1', 'same', 'modify-1', 'same', 'same', 'same', 'same', 'modify-1', 'modify-1', 'same', 'same', 'modify-1', 'same', 'modify-1', 'same', 'same', 'same', 'modify-1', 'same', 'modify-1', 'same', 'modify-1', 'same', 'same', 'same', 'same', 'modify-1', 'same', 'modify-1', 'same', 'same', 'same', 'modify-1', 'modify-1', 'same', 'modify-1', 'modify-1', 'same', 'modify-2', 'modify-1', 'modify-1', 'modify-1', 'same', 'modify-1', 'same', 'modify-1', 'modify-1', 'same', 'modify-2', 'same', 'same', 'modify-2', 'modify-1', 'same', 'modify-1', 'same', 'modify-1', 'modify-1', 'modify-1', 'modify-1', 'modify-1', 'same', 'same', 'same', 'same', 'same', 'same', 'same', 'modify-1', 'same', 'modify-1', 'same', 'modify-1', 'modify-1', 'modify-1', 'modify-1', 'same']"
data/zheng/processed_interactions_p2/stu24_ace_p2_logs.csv,0.7777777777777778,"defaultdict(None, {'same': (21, 1.0), 'modify-1': (4, 0.0), 'modify-2': (2, 0.0)})","['same', 'same', 'same', 'same', 'same', 'same', 'same', 'same', 'same', 'same', 'same', 'same', 'same', 'same', 'same', 'same', 'same', 'same', 'same', 'same', 'same', 'same', 'same', 'same', 'same', 'same', 'same']","['same', 'same', 'same', 'same', 'modify-1', 'modify-1', 'same', 'same', 'same', 'modify-2', 'modify-2', 'same', 'same', 'same', 'same', 'same', 'same', 'same', 'same', 'same', 'same', 'modify-1', 'same', 'modify-1', 'same', 'same', 'same']"
data/zheng/processed_interactions_p2/stu36_adf_p2_logs.csv,0.68,"defaultdict(None, {'modify-1': (6, 0.0), 'same': (17, 1.0), 'modify-2': (2, 0.0)})","['same', 'same', 'same', 'same', 'same', 'same', 'same', 'same', 'same', 'same', 'same', 'same', 'same', 'same', 'same', 'same', 'same', 'same', 'same', 'same', 'same', 'same', 'same', 'same', 'same']","['modify-1', 'same', 'modify-1', 'modify-1', 'modify-2', 'modify-2', 'same', 'same', 'same', 'same', 'same', 'same', 'same', 'same', 'same', 'same', 'same', 'same', 'same', 'modify-1', 'same', 'modify-1', 'same', 'modify-1', 'same']"
data/zheng/processed_interactions_p2/stu25_ace_p2_logs.csv,0.75,"defaultdict(None, {'same': (27, 1.0), 'modify-1': (3, 0.0), 'modify-2': (6, 0.0)})","['same', 'same', 'same', 'same', 'same', 'same', 'same', 'same', 'same', 'same', 'same', 'same', 'same', 'same', 'same', 'same', 'same', 'same', 'same', 'same', 'same', 'same', 'same', 'same', 'same', 'same', 'same', 'same', 'same', 'same', 'same', 'same', 'same', 'same', 'same', 'same']","['same', 'modify-1', 'modify-1', 'modify-2', 'modify-2', 'modify-2', 'modify-2', 'same', 'same', 'modify-2', 'modify-2', 'same', 'same', 'same', 'same', 'same', 'same', 'same', 'same', 'same', 'same', 'same', 'same', 'same', 'same', 'same', 'same', 'same', 'same', 'same', 'same', 'same', 'same', 'same', 'modify-1', 'same']"
data/zheng/processed_interactions_p2/stu30_adf_p2_logs.csv,0.7222222222222222,"defaultdict(None, {'modify-1': (3, 0.0), 'same': (13, 1.0), 'modify-2': (2, 0.0)})","['same', 'same', 'same', 'same', 'same', 'same', 'same', 'same', 'same', 'same', 'same', 'same', 'same', 'same', 'same', 'same', 'same', 'same']","['modify-1', 'same', 'modify-1', 'modify-1', 'modify-2', 'modify-2', 'same', 'same', 'same', 'same', 'same', 'same', 'same', 'same', 'same', 'same', 'same', 'same']"
data/zheng/processed_interactions_p2/stu31_ade_p2_logs.csv,0.6153846153846154,"defaultdict(None, {'same': (24, 1.0), 'modify-1': (13, 0.0), 'modify-3': (1, 0.0), 'modify-2': (1, 0.0)})","['same', 'same', 'same', 'same', 'same', 'same', 'same', 'same', 'same', 'same', 'same', 'same', 'same', 'same', 'same', 'same', 'same', 'same', 'same', 'same', 'same', 'same', 'same', 'same', 'same', 'same', 'same', 'same', 'same', 'same', 'same', 'same', 'same', 'same', 'same', 'same', 'same', 'same', 'same']","['same', 'modify-1', 'modify-1', 'same', 'same', 'same', 'modify-1', 'modify-1', 'modify-1', 'modify-1', 'same', 'same', 'same', 'same', 'modify-1', 'same', 'same', 'same', 'modify-1', 'same', 'same', 'same', 'same', 'modify-1', 'modify-1', 'same', 'same', 'same', 'modify-3', 'modify-2', 'modify-1', 'modify-1', 'modify-1', 'same', 'same', 'same', 'same', 'same', 'same']"
data/zheng/processed_interactions_p2/stu37_adf_p2_logs.csv,0.6292134831460674,"defaultdict(None, {'modify-1': (19, 0.0), 'same': (56, 1.0), 'modify-2': (14, 0.0)})","['same', 'same', 'same', 'same', 'same', 'same', 'same', 'same', 'same', 'same', 'same', 'same', 'same', 'same', 'same', 'same', 'same', 'same', 'same', 'same', 'same', 'same', 'same', 'same', 'same', 'same', 'same', 'same', 'same', 'same', 'same', 'same', 'same', 'same', 'same', 'same', 'same', 'same', 'same', 'same', 'same', 'same', 'same', 'same', 'same', 'same', 'same', 'same', 'same', 'same', 'same', 'same', 'same', 'same', 'same', 'same', 'same', 'same', 'same', 'same', 'same', 'same', 'same', 'same', 'same', 'same', 'same', 'same', 'same', 'same', 'same', 'same', 'same', 'same', 'same', 'same', 'same', 'same', 'same', 'same', 'same', 'same', 'same', 'same', 'same', 'same', 'same', 'same', 'same']","['modify-1', 'same', 'same', 'same', 'same', 'modify-1', 'modify-1', 'same', 'same', 'same', 'same', 'same', 'modify-2', 'modify-2', 'same', 'same', 'modify-1', 'same', 'modify-1', 'modify-1', 'modify-1', 'modify-1', 'modify-1', 'modify-1', 'modify-2', 'same', 'same', 'same', 'modify-2', 'same', 'modify-1', 'same', 'same', 'same', 'same', 'modify-2', 'modify-2', 'modify-2', 'modify-2', 'modify-2', 'modify-2', 'modify-1', 'modify-1', 'modify-1', 'modify-1', 'modify-2', 'modify-2', 'same', 'same', 'same', 'same', 'same', 'same', 'same', 'same', 'same', 'same', 'same', 'same', 'same', 'same', 'same', 'same', 'same', 'same', 'same', 'same', 'same', 'same', 'same', 'same', 'same', 'same', 'modify-2', 'modify-2', 'modify-1', 'modify-1', 'modify-1', 'modify-1', 'same', 'same', 'same', 'same', 'same', 'same', 'same', 'same', 'same', 'same']"
data/zheng/processed_interactions_p2/stu29_ade_p2_logs.csv,0.65,"defaultdict(None, {'same': (13, 1.0), 'modify-1': (5, 0.0), 'modify-2': (2, 0.0)})","['same', 'same', 'same', 'same', 'same', 'same', 'same', 'same', 'same', 'same', 'same', 'same', 'same', 'same', 'same', 'same', 'same', 'same', 'same', 'same']","['same', 'modify-1', 'modify-1', 'modify-2', 'modify-2', 'same', 'same', 'same', 'same', 'same', 'same', 'modify-1', 'same', 'modify-1', 'modify-1', 'same', 'same', 'same', 'same', 'same']"
data/zheng/processed_interactions_p2/stu38_acf_p2_logs.csv,0.5952380952380952,"defaultdict(None, {'same': (25, 1.0), 'modify-1': (7, 0.0), 'modify-2': (10, 0.0)})","['same', 'same', 'same', 'same', 'same', 'same', 'same', 'same', 'same', 'same', 'same', 'same', 'same', 'same', 'same', 'same', 'same', 'same', 'same', 'same', 'same', 'same', 'same', 'same', 'same', 'same', 'same', 'same', 'same', 'same', 'same', 'same', 'same', 'same', 'same', 'same', 'same', 'same', 'same', 'same', 'same', 'same']","['same', 'same', 'same', 'same', 'modify-1', 'modify-1', 'modify-1', 'modify-1', 'modify-1', 'modify-1', 'modify-2', 'same', 'same', 'same', 'same', 'same', 'same', 'same', 'same', 'modify-2', 'same', 'modify-2', 'same', 'same', 'same', 'modify-2', 'modify-2', 'modify-2', 'modify-2', 'modify-2', 'same', 'modify-2', 'same', 'same', 'modify-2', 'same', 'same', 'modify-1', 'same', 'same', 'same', 'same']"
data/zheng/processed_interactions_p2/stu39_adf_p2_logs.csv,0.43333333333333335,"defaultdict(None, {'modify-1': (29, 0.0), 'same': (26, 1.0), 'modify-2': (5, 0.0)})","['same', 'same', 'same', 'same', 'same', 'same', 'same', 'same', 'same', 'same', 'same', 'same', 'same', 'same', 'same', 'same', 'same', 'same', 'same', 'same', 'same', 'same', 'same', 'same', 'same', 'same', 'same', 'same', 'same', 'same', 'same', 'same', 'same', 'same', 'same', 'same', 'same', 'same', 'same', 'same', 'same', 'same', 'same', 'same', 'same', 'same', 'same', 'same', 'same', 'same', 'same', 'same', 'same', 'same', 'same', 'same', 'same', 'same', 'same', 'same']","['modify-1', 'same', 'modify-1', 'modify-1', 'same', 'same', 'same', 'modify-1', 'same', 'same', 'modify-1', 'same', 'same', 'same', 'same', 'modify-1', 'modify-1', 'modify-1', 'modify-2', 'same', 'modify-1', 'modify-1', 'modify-1', 'modify-2', 'same', 'same', 'same', 'same', 'same', 'modify-2', 'same', 'modify-2', 'same', 'modify-1', 'modify-1', 'modify-2', 'modify-1', 'modify-1', 'same', 'same', 'modify-1', 'same', 'same', 'modify-1', 'modify-1', 'same', 'modify-1', 'modify-1', 'modify-1', 'same', 'same', 'modify-1', 'modify-1', 'modify-1', 'modify-1', 'modify-1', 'modify-1', 'modify-1', 'modify-1', 'same']"
data/zheng/processed_interactions_p2/stu3_acf_p2_logs.csv,0.68,"defaultdict(None, {'same': (51, 1.0), 'modify-2': (16, 0.0), 'modify-3': (7, 0.0), 'modify-1': (1, 0.0)})","['same', 'same', 'same', 'same', 'same', 'same', 'same', 'same', 'same', 'same', 'same', 'same', 'same', 'same', 'same', 'same', 'same', 'same', 'same', 'same', 'same', 'same', 'same', 'same', 'same', 'same', 'same', 'same', 'same', 'same', 'same', 'same', 'same', 'same', 'same', 'same', 'same', 'same', 'same', 'same', 'same', 'same', 'same', 'same', 'same', 'same', 'same', 'same', 'same', 'same', 'same', 'same', 'same', 'same', 'same', 'same', 'same', 'same', 'same', 'same', 'same', 'same', 'same', 'same', 'same', 'same', 'same', 'same', 'same', 'same', 'same', 'same', 'same', 'same', 'same']","['same', 'modify-2', 'modify-3', 'modify-1', 'modify-2', 'modify-2', 'same', 'same', 'same', 'same', 'same', 'same', 'same', 'same', 'same', 'modify-2', 'same', 'modify-2', 'modify-2', 'modify-2', 'modify-2', 'same', 'same', 'modify-2', 'same', 'modify-2', 'same', 'same', 'modify-3', 'same', 'same', 'same', 'same', 'same', 'same', 'same', 'modify-3', 'same', 'modify-2', 'same', 'same', 'modify-2', 'modify-3', 'same', 'same', 'modify-3', 'same', 'same', 'same', 'same', 'modify-3', 'modify-3', 'same', 'modify-2', 'same', 'same', 'modify-2', 'modify-2', 'modify-2', 'same', 'same', 'same', 'same', 'same', 'same', 'same', 'same', 'same', 'same', 'same', 'same', 'same', 'same', 'same', 'same']"
data/zheng/processed_interactions_p2/stu4_ade_p2_logs.csv,0.7297297297297297,"defaultdict(None, {'same': (27, 1.0), 'modify-1': (8, 0.0), 'modify-2': (2, 0.0)})","['same', 'same', 'same', 'same', 'same', 'same', 'same', 'same', 'same', 'same', 'same', 'same', 'same', 'same', 'same', 'same', 'same', 'same', 'same', 'same', 'same', 'same', 'same', 'same', 'same', 'same', 'same', 'same', 'same', 'same', 'same', 'same', 'same', 'same', 'same', 'same', 'same']","['same', 'modify-1', 'modify-1', 'same', 'same', 'same', 'modify-1', 'modify-1', 'same', 'modify-1', 'same', 'same', 'same', 'same', 'same', 'same', 'same', 'modify-2', 'modify-2', 'same', 'same', 'modify-1', 'same', 'same', 'same', 'same', 'same', 'same', 'same', 'same', 'modify-1', 'same', 'same', 'same', 'same', 'modify-1', 'same']"
data/zheng/processed_interactions_p2/stu6_acf_p2_logs.csv,0.5,"defaultdict(None, {'modify-1': (16, 0.0), 'same': (33, 1.0), 'modify-2': (16, 0.0), 'modify-3': (1, 0.0)})","['same', 'same', 'same', 'same', 'same', 'same', 'same', 'same', 'same', 'same', 'same', 'same', 'same', 'same', 'same', 'same', 'same', 'same', 'same', 'same', 'same', 'same', 'same', 'same', 'same', 'same', 'same', 'same', 'same', 'same', 'same', 'same', 'same', 'same', 'same', 'same', 'same', 'same', 'same', 'same', 'same', 'same', 'same', 'same', 'same', 'same', 'same', 'same', 'same', 'same', 'same', 'same', 'same', 'same', 'same', 'same', 'same', 'same', 'same', 'same', 'same', 'same', 'same', 'same', 'same', 'same']","['modify-1', 'same', 'same', 'same', 'same', 'same', 'same', 'same', 'same', 'modify-2', 'same', 'modify-2', 'modify-2', 'modify-2', 'same', 'modify-2', 'modify-2', 'same', 'same', 'modify-1', 'same', 'same', 'modify-3', 'modify-2', 'modify-1', 'modify-1', 'modify-1', 'modify-1', 'modify-2', 'modify-2', 'modify-2', 'same', 'same', 'modify-2', 'same', 'same', 'same', 'same', 'same', 'modify-2', 'same', 'modify-2', 'modify-1', 'modify-1', 'modify-2', 'same', 'same', 'modify-2', 'modify-2', 'modify-1', 'same', 'modify-1', 'same', 'same', 'modify-1', 'same', 'same', 'modify-1', 'modify-1', 'same', 'modify-1', 'modify-1', 'same', 'modify-1', 'same', 'same']"
data/zheng/processed_interactions_p2/stu7_ade_p2_logs.csv,0.5,"defaultdict(None, {'same': (20, 1.0), 'modify-1': (20, 0.0)})","['same', 'same', 'same', 'same', 'same', 'same', 'same', 'same', 'same', 'same', 'same', 'same', 'same', 'same', 'same', 'same', 'same', 'same', 'same', 'same', 'same', 'same', 'same', 'same', 'same', 'same', 'same', 'same', 'same', 'same', 'same', 'same', 'same', 'same', 'same', 'same', 'same', 'same', 'same', 'same']","['same', 'modify-1', 'same', 'modify-1', 'modify-1', 'modify-1', 'same', 'same', 'same', 'same', 'modify-1', 'modify-1', 'modify-1', 'modify-1', 'same', 'modify-1', 'modify-1', 'same', 'same', 'same', 'modify-1', 'same', 'modify-1', 'same', 'modify-1', 'modify-1', 'modify-1', 'modify-1', 'same', 'same', 'modify-1', 'modify-1', 'same', 'same', 'same', 'modify-1', 'same', 'same', 'modify-1', 'same']"
